Date,Hour,optimized_Power Transport Vehicles,optimized_Set Point,optimized_Number of Active Chillers,optimized_Standby Power Down,optimized_Active Printers,optimized_Active Coffee Machines,optimized_Number of Servers,optimized_Number of Network Switches (PoE),optimized_Number of Network Switches (Non-PoE),optimized_Number of HDDs,optimized_Number of SSDs,optimized_Compressor Energy,optimized_Technological Centers Energy,optimized_Chiller Energy,optimized_Data Center Energy,optimized_Production Energy,optimized_UTA Energy,optimized_Office Energy,optimized_Total Cost
2023-06-01,0,0.0,,,,,,,,,,,1.0087148141884623,1.001111781421466,0.0,0.0,0.0,0.0,0.0,0.0
2023-06-01,1,0.0,,,,,,,,,,,16.339982577741058,30.909300996301734,0.0,0.0,0.0,0.0,0.0,0.0
2023-06-01,2,0.0,,,,,,,,,,,16.49120596755338,28.756900442678106,0.0,0.0,0.0,0.0,0.0,0.0
2023-06-01,3,0.0,,,,,,,,,,,16.46538111411299,28.556673821103992,0.0,0.0,0.0,0.0,0.0,0.0
2023-06-01,4,0.0,,,,,,,,,,,17.650719928180095,28.55667473454002,0.0,0.0,0.0,0.0,0.0,0.0
2023-06-01,5,0.0,,,,,,,,,,,17.27256484509443,28.3814829245766,0.0,0.0,0.0,0.0,0.0,0.0
2023-06-01,6,0.0,,,,,,,,,,,27.86373862641084,29.707961228711977,0.0,0.0,0.0,0.0,0.0,0.0
2023-06-01,7,0.0,,,,,,,,,,,52.271777270912494,27.355346052763515,0.0,0.0,0.0,0.0,0.0,0.0
2023-06-01,8,0.0,,,,,,,,,,,55.47421069104132,28.356455487658565,0.0,0.0,0.0,0.0,0.0,0.0
2023-06-01,9,0.0,,,,,,,,,,,54.66702324540359,28.857011140634327,0.0,0.0,0.0,0.0,0.0,0.0
2023-06-01,10,0.0,,,,,,,,,,,54.03701906470076,29.958233484399987,0.0,0.0,0.0,0.0,0.0,0.0
2023-06-01,11,0.0,,,,,,,,,,,44.25336098631783,28.731873369514773,0.0,0.0,0.0,0.0,0.0,0.0
2023-06-01,12,0.0,,,,,,,,,,,54.08753853906763,30.233539325577823,0.0,0.0,0.0,0.0,0.0,0.0
2023-06-01,13,0.0,,,,,,,,,,,54.94463624131583,29.73298335632551,0.0,0.0,0.0,0.0,0.0,0.0
2023-06-01,14,0.0,,,,,,,,,,,55.65073779934925,30.158455415993192,0.0,0.0,0.0,0.0,0.0,0.0
2023-06-01,15,0.0,,,,,,,,,,,51.086701100008455,31.38481601814656,0.0,0.0,0.0,0.0,0.0,0.0
2023-06-01,16,0.0,,,,,,,,,,,56.55856074911087,30.533872119694976,0.0,0.0,0.0,0.0,0.0,0.0
2023-06-01,17,0.0,,,,,,,,,,,56.079429825090806,31.284705013124693,0.0,0.0,0.0,0.0,0.0,0.0
2023-06-01,18,0.0,,,,,,,,,,,52.37274453250919,29.45767819958898,0.0,0.0,0.0,0.0,0.0,0.0
2023-06-01,19,0.0,,,,,,,,,,,44.27851769982827,30.008288960585062,0.0,0.0,0.0,0.0,0.0,0.0
2023-06-01,20,0.0,,,,,,,,,,,56.65938140267981,32.58614868751368,0.0,0.0,0.0,0.0,0.0,0.0
2023-06-01,21,0.0,,,,,,,,,,,56.86110279957373,31.009399576758305,0.0,0.0,0.0,0.0,0.0,0.0
2023-06-01,22,0.0,,,,,,,,,,,55.726413990638946,32.46100988420612,0.0,0.0,0.0,0.0,0.0,0.0
2023-06-01,23,0.0,,,,,,,,,,,17.27266309722623,28.48159540177569,0.0,0.0,0.0,0.0,0.0,0.0
2023-06-02,0,0.0,,,,,,,,,,,19.291670825033773,27.880963112589555,0.0,0.0,0.0,0.0,0.0,0.0
2023-06-02,1,0.0,,,,,,,,,,,18.83636880640085,27.70574591328486,0.0,0.0,0.0,0.0,0.0,0.0
2023-06-02,2,0.0,,,,,,,,,,,17.020740105141524,27.73076213271322,0.0,0.0,0.0,0.0,0.0,0.0
2023-06-02,3,0.0,,,,,,,,,,,16.591456007814745,28.131201906153404,0.0,0.0,0.0,0.0,0.0,0.0
2023-06-02,4,0.0,,,,,,,,,,,17.953303699005822,26.6295371757678,0.0,0.0,0.0,0.0,0.0,0.0
2023-06-02,5,0.0,,,,,,,,,,,18.104673809416855,27.05501150041264,0.0,0.0,0.0,0.0,0.0,0.0
2023-06-02,6,0.0,,,,,,,,,,,16.44086659419179,25.10285182173454,0.0,0.0,0.0,0.0,0.0,0.0
2023-06-02,7,0.0,,,,,,,,,,,8.926294816582883,23.951570148668836,0.0,0.0,0.0,0.0,0.0,0.0
2023-06-02,8,0.0,,,,,,,,,,,8.994386797493906,25.778595897871742,0.0,0.0,0.0,0.0,0.0,0.0
2023-06-02,9,0.0,,,,,,,,,,,6.482883614794921,27.655678499914504,0.0,0.0,0.0,0.0,0.0,0.0
2023-06-02,10,0.0,,,,,,,,,,,6.404761009479679,27.004957334726956,0.0,0.0,0.0,0.0,0.0,0.0
2023-06-02,11,0.0,,,,,,,,,,,9.186039548916018,26.103958122303524,0.0,0.0,0.0,0.0,0.0,0.0
2023-06-02,12,0.0,,,,,,,,,,,6.477896807301567,26.70462455330472,0.0,0.0,0.0,0.0,0.0,0.0
2023-06-02,13,0.0,,,,,,,,,,,9.233926476612266,27.330318034602655,0.0,0.0,0.0,0.0,0.0,0.0
2023-06-02,14,0.0,,,,,,,,,,,9.324713565624394,27.029984937156172,0.0,0.0,0.0,0.0,0.0,0.0
2023-06-02,15,0.0,,,,,,,,,,,6.503089938006673,27.25523496312774,0.0,0.0,0.0,0.0,0.0,0.0
2023-06-02,16,0.0,,,,,,,,,,,15.003274029351182,26.454346582391928,0.0,0.0,0.0,0.0,0.0,0.0
2023-06-02,17,0.0,,,,,,,,,,,8.840579180678946,25.152902830552677,0.0,0.0,0.0,0.0,0.0,0.0
2023-06-02,18,0.0,,,,,,,,,,,6.659432754861111,24.502180932368812,0.0,0.0,0.0,0.0,0.0,0.0
2023-06-02,19,0.0,,,,,,,,,,,9.271760227284908,23.626209156624498,0.0,0.0,0.0,0.0,0.0,0.0
2023-06-02,20,0.0,,,,,,,,,,,11.861403210219027,23.826431298397505,0.0,0.0,0.0,0.0,0.0,0.0
2023-06-02,21,0.0,,,,,,,,,,,6.649344926434893,24.72743081665676,0.0,0.0,0.0,0.0,0.0,0.0
2023-06-02,22,0.0,,,,,,,,,,,7.166265546187929,25.803624665086417,0.0,0.0,0.0,0.0,0.0,0.0
2023-06-02,23,0.0,,,,,,,,,,,9.332281186349547,26.52942981184775,0.0,0.0,0.0,0.0,0.0,0.0
2023-06-03,0,0.0,,,,,,,,,,,9.18824762821245,27.579833535024655,0.0,0.0,0.0,0.0,0.0,0.0
2023-06-03,1,0.0,,,,,,,,,,,3.8120876228114047,27.755001525269112,0.0,0.0,0.0,0.0,0.0,0.0
2023-06-03,2,0.0,,,,,,,,,,,3.7793436921030783,28.05531506773118,0.0,0.0,0.0,0.0,0.0,0.0
2023-06-03,3,0.0,,,,,,,,,,,3.7666584720497593,26.6537966704472,0.0,0.0,0.0,0.0,0.0,0.0
2023-06-03,4,0.0,,,,,,,,,,,3.736478677440071,26.553689319575053,0.0,0.0,0.0,0.0,0.0,0.0
2023-06-03,5,0.0,,,,,,,,,,,3.713829065716221,26.828989012549492,0.0,0.0,0.0,0.0,0.0,0.0
2023-06-03,6,0.0,,,,,,,,,,,3.739071830717135,25.552615485722026,0.0,0.0,0.0,0.0,0.0,0.0
2023-06-03,7,0.0,,,,,,,,,,,3.7264284868958417,25.15217842053905,0.0,0.0,0.0,0.0,0.0,0.0
2023-06-03,8,0.0,,,,,,,,,,,3.701252754800977,25.00201522006507,0.0,0.0,0.0,0.0,0.0,0.0
2023-06-03,9,0.0,,,,,,,,,,,3.733971287561864,25.002015542934412,0.0,0.0,0.0,0.0,0.0,0.0
2023-06-03,10,0.0,,,,,,,,,,,3.7969359292333262,24.326285975880296,0.0,0.0,0.0,0.0,0.0,0.0
2023-06-03,11,0.0,,,,,,,,,,,3.7843461918839423,23.875799450969076,0.0,0.0,0.0,0.0,0.0,0.0
2023-06-03,12,0.0,,,,,,,,,,,3.807011670997954,24.70169196274129,0.0,0.0,0.0,0.0,0.0,0.0
2023-06-03,13,0.0,,,,,,,,,,,3.8498041113237513,24.90190776872263,0.0,0.0,0.0,0.0,0.0,0.0
2023-06-03,14,0.0,,,,,,,,,,,3.8825394531608466,25.077097129250795,0.0,0.0,0.0,0.0,0.0,0.0
2023-06-03,15,0.0,,,,,,,,,,,3.8472883487337257,24.751745700218503,0.0,0.0,0.0,0.0,0.0,0.0
2023-06-03,16,0.0,,,,,,,,,,,3.834703046123498,25.227259580532355,0.0,0.0,0.0,0.0,0.0,0.0
2023-06-03,17,0.0,,,,,,,,,,,3.9077193668956114,25.87796268301748,0.0,0.0,0.0,0.0,0.0,0.0
2023-06-03,18,0.0,,,,,,,,,,,3.900165973268982,25.05207022406882,0.0,0.0,0.0,0.0,0.0,0.0
2023-06-03,19,0.0,,,,,,,,,,,3.857360666982309,25.57763809328419,0.0,0.0,0.0,0.0,0.0,0.0
2023-06-03,20,0.0,,,,,,,,,,,3.8875761732490894,26.303422376173952,0.0,0.0,0.0,0.0,0.0,0.0
2023-06-03,21,0.0,,,,,,,,,,,3.8850581651780423,28.030288371739697,0.0,0.0,0.0,0.0,0.0,0.0
2023-06-03,22,0.0,,,,,,,,,,,3.877505144572808,28.280558800612535,0.0,0.0,0.0,0.0,0.0,0.0
2023-06-03,23,0.0,,,,,,,,,,,3.8372188149657194,27.855099057770776,0.0,0.0,0.0,0.0,0.0,0.0
2023-06-04,0,0.0,,,,,,,,,,,3.838440507147203,28.154684708540785,0.0,0.0,0.0,0.0,0.0,0.0
2023-06-04,1,0.0,,,,,,,,,,,3.787994632998545,25.90229085689545,0.0,0.0,0.0,0.0,0.0,0.0
2023-06-04,2,0.0,,,,,,,,,,,3.7879864024274736,26.027412921759176,0.0,0.0,0.0,0.0,0.0,0.0
2023-06-04,3,0.0,,,,,,,,,,,3.780370459348359,26.678094444753324,0.0,0.0,0.0,0.0,0.0,0.0
2023-06-04,4,0.0,,,,,,,,,,,3.76278888438529,26.252647166041093,0.0,0.0,0.0,0.0,0.0,0.0
2023-06-04,5,0.0,,,,,,,,,,,32.672949571345924,29.130680400808323,0.0,0.0,0.0,0.0,0.0,0.0
2023-06-04,6,0.0,,,,,,,,,,,18.26086138183111,29.50608192641403,0.0,0.0,0.0,0.0,0.0,0.0
2023-06-04,7,0.0,,,,,,,,,,,47.86508685445979,29.18073446261847,0.0,0.0,0.0,0.0,0.0,0.0
2023-06-04,8,0.0,,,,,,,,,,,52.769841440298414,29.380944282831734,0.0,0.0,0.0,0.0,0.0,0.0
2023-06-04,9,0.0,,,,,,,,,,,54.00216750006659,30.60723619991464,0.0,0.0,0.0,0.0,0.0,0.0
2023-06-04,10,0.0,,,,,,,,,,,49.62582801423083,31.08273771500338,0.0,0.0,0.0,0.0,0.0,0.0
2023-06-04,11,0.0,,,,,,,,,,,46.35600283661247,29.03057657936215,0.0,0.0,0.0,0.0,0.0,0.0
2023-06-04,12,0.0,,,,,,,,,,,51.83928838383087,31.95866069223269,0.0,0.0,0.0,0.0,0.0,0.0
2023-06-04,13,0.0,,,,,,,,,,,57.85061083507331,31.23289562943719,0.0,0.0,0.0,0.0,0.0,0.0
2023-06-04,14,0.0,,,,,,,,,,,50.38036648982924,30.131735915705104,0.0,0.0,0.0,0.0,0.0,0.0
2023-06-04,15,0.0,,,,,,,,,,,51.16008216865273,31.43310672735168,0.0,0.0,0.0,0.0,0.0,0.0
2023-06-04,16,0.0,,,,,,,,,,,55.66241288351334,32.784530179821346,0.0,0.0,0.0,0.0,0.0,0.0
2023-06-04,17,0.0,,,,,,,,,,,55.13419396183799,32.534266564846746,0.0,0.0,0.0,0.0,0.0,0.0
2023-06-04,18,0.0,,,,,,,,,,,50.984039736274674,32.80955647177502,0.0,0.0,0.0,0.0,0.0,0.0
2023-06-04,19,0.0,,,,,,,,,,,53.92686063874264,30.60723684894249,0.0,0.0,0.0,0.0,0.0,0.0
2023-06-04,20,0.0,,,,,,,,,,,56.21574649251274,30.632263242855934,0.0,0.0,0.0,0.0,0.0,0.0
2023-06-04,21,0.0,,,,,,,,,,,55.03357937840295,33.43521545375689,0.0,0.0,0.0,0.0,0.0,0.0
2023-06-04,22,0.0,,,,,,,,,,,51.78891767852917,34.53637524064954,0.0,0.0,0.0,0.0,0.0,0.0
2023-06-04,23,0.0,,,,,,,,,,,17.833093110720608,28.930470845203477,0.0,0.0,0.0,0.0,0.0,0.0
2023-06-05,0,0.0,,,,,,,,,,,16.487816016810967,25.3510690747369,0.0,0.0,0.0,0.0,0.0,0.0
2023-06-05,1,0.0,,,,,,,,,,,16.311424803952697,23.924585447575108,0.0,0.0,0.0,0.0,0.0,0.0
2023-06-05,2,0.0,,,,,,,,,,,16.06006671793171,24.224885396989414,0.0,0.0,0.0,0.0,0.0,0.0
2023-06-05,3,0.0,,,,,,,,,,,9.248859179620428,24.299959228404077,0.0,0.0,0.0,0.0,0.0,0.0
2023-06-05,4,0.0,,,,,,,,,,,16.00965482848816,24.425088421115618,0.0,0.0,0.0,0.0,0.0,0.0
2023-06-05,5,0.0,,,,,,,,,,,17.442258347167602,26.427146855620403,0.0,0.0,0.0,0.0,0.0,0.0
2023-06-05,6,0.0,,,,,,,,,,,23.273322161359587,28.454234793523995,0.0,0.0,0.0,0.0,0.0,0.0
2023-06-05,7,0.0,,,,,,,,,,,55.09148283139479,30.95680122671626,0.0,0.0,0.0,0.0,0.0,0.0
2023-06-05,8,0.0,,,,,,,,,,,54.5888464726236,30.606440268438956,0.0,0.0,0.0,0.0,0.0,0.0
2023-06-05,9,0.0,,,,,,,,,,,54.56360256242131,30.206029300937868,0.0,0.0,0.0,0.0,0.0,0.0
2023-06-05,10,0.0,,,,,,,,,,,49.964409697738795,30.256081371536524,0.0,0.0,0.0,0.0,0.0,0.0
2023-06-05,11,0.0,,,,,,,,,,,51.57291872021961,30.055875992086293,0.0,0.0,0.0,0.0,0.0,0.0
2023-06-05,12,0.0,,,,,,,,,,,54.48838456323407,31.182032966666913,0.0,0.0,0.0,0.0,0.0,0.0
2023-06-05,13,0.0,,,,,,,,,,,54.86529073132973,29.805618404853544,0.0,0.0,0.0,0.0,0.0,0.0
2023-06-05,14,0.0,,,,,,,,,,,55.54390644452531,30.731569672385255,0.0,0.0,0.0,0.0,0.0,0.0
2023-06-05,15,0.0,,,,,,,,,,,53.935386749497326,30.506338443950487,0.0,0.0,0.0,0.0,0.0,0.0
2023-06-05,16,0.0,,,,,,,,,,,58.057229931537314,31.03187838539322,0.0,0.0,0.0,0.0,0.0,0.0
2023-06-05,17,0.0,,,,,,,,,,,57.80588630835641,30.581415611556405,0.0,0.0,0.0,0.0,0.0,0.0
2023-06-05,18,0.0,,,,,,,,,,,52.25149603247006,31.43228965837655,0.0,0.0,0.0,0.0,0.0,0.0
2023-06-05,19,0.0,,,,,,,,,,,52.90494110989117,29.230027286805463,0.0,0.0,0.0,0.0,0.0,0.0
2023-06-05,20,0.0,,,,,,,,,,,55.49364838448426,31.08192973438714,0.0,0.0,0.0,0.0,0.0,0.0
2023-06-05,21,0.0,,,,,,,,,,,56.85082880049709,29.905721459260043,0.0,0.0,0.0,0.0,0.0,0.0
2023-06-05,22,0.0,,,,,,,,,,,54.76479482858295,31.732598164590858,0.0,0.0,0.0,0.0,0.0,0.0
2023-06-05,23,0.0,,,,,,,,,,,18.347084431877107,28.379153240157876,0.0,0.0,0.0,0.0,0.0,0.0
2023-06-06,0,0.0,,,,,,,,,,,14.065368340099376,23.724130321106937,0.0,0.0,0.0,0.0,0.0,0.0
2023-06-06,1,0.0,,,,,,,,,,,14.652933891842435,24.35318097475693,0.0,0.0,0.0,0.0,0.0,0.0
2023-06-06,2,0.0,,,,,,,,,,,12.005429814980031,21.159829432208703,0.0,0.0,0.0,0.0,0.0,0.0
2023-06-06,3,0.0,,,,,,,,,,,10.37695515154816,18.272398279821648,0.0,0.0,0.0,0.0,0.0,0.0
2023-06-06,4,0.0,,,,,,,,,,,11.297420412690878,18.25134029626738,0.0,0.0,0.0,0.0,0.0,0.0
2023-06-06,5,0.0,,,,,,,,,,,14.37524410064266,17.93226843482207,0.0,0.0,0.0,0.0,0.0,0.0
2023-06-06,6,0.0,,,,,,,,,,,16.29586109462745,22.49356480923091,0.0,0.0,0.0,0.0,0.0,0.0
2023-06-06,7,0.0,,,,,,,,,,,34.31402320784177,27.23815895930338,0.0,0.0,0.0,0.0,0.0,0.0
2023-06-06,8,0.0,,,,,,,,,,,38.188008669064054,27.091848473229067,0.0,0.0,0.0,0.0,0.0,0.0
2023-06-06,9,0.0,,,,,,,,,,,38.36950848875351,28.66296853585463,0.0,0.0,0.0,0.0,0.0,0.0
2023-06-06,10,0.0,,,,,,,,,,,35.78997080072458,27.3157770557002,0.0,0.0,0.0,0.0,0.0,0.0
2023-06-06,11,0.0,,,,,,,,,,,36.206729313371675,27.403307059130977,0.0,0.0,0.0,0.0,0.0,0.0
2023-06-06,12,0.0,,,,,,,,,,,38.77741865883207,28.873928908986912,0.0,0.0,0.0,0.0,0.0,0.0
2023-06-06,13,0.0,,,,,,,,,,,38.90136368553643,28.07273967153697,0.0,0.0,0.0,0.0,0.0,0.0
2023-06-06,14,0.0,,,,,,,,,,,38.482718285222255,26.490925488831568,0.0,0.0,0.0,0.0,0.0,0.0
2023-06-06,15,0.0,,,,,,,,,,,37.03139574524188,28.51938588732588,0.0,0.0,0.0,0.0,0.0,0.0
2023-06-06,16,0.0,,,,,,,,,,,39.11872063655488,29.24508923027117,0.0,0.0,0.0,0.0,0.0,0.0
2023-06-06,17,0.0,,,,,,,,,,,37.69679864989241,27.433096062738606,0.0,0.0,0.0,0.0,0.0,0.0
2023-06-06,18,0.0,,,,,,,,,,,36.09410785702637,26.500402763456265,0.0,0.0,0.0,0.0,0.0,0.0
2023-06-06,19,0.0,,,,,,,,,,,37.9661545644791,26.70694731617016,0.0,0.0,0.0,0.0,0.0,0.0
2023-06-06,20,0.0,,,,,,,,,,,37.318500170312745,26.731557558164983,0.0,0.0,0.0,0.0,0.0,0.0
2023-06-06,21,0.0,,,,,,,,,,,38.81012420861581,28.871258600966524,0.0,0.0,0.0,0.0,0.0,0.0
2023-06-06,22,0.0,,,,,,,,,,,35.35709893855484,28.499445358348765,0.0,0.0,0.0,0.0,0.0,0.0
2023-06-06,23,0.0,,,,,,,,,,,11.306852986098352,24.7100312579066,0.0,0.0,0.0,0.0,0.0,0.0
2023-06-07,0,0.0,,,,,,,,,,,13.144097133408868,23.675092268643677,0.0,0.0,0.0,0.0,0.0,0.0
2023-06-07,1,0.0,,,,,,,,,,,13.821940471101287,21.065900665169092,0.0,0.0,0.0,0.0,0.0,0.0
2023-06-07,2,0.0,,,,,,,,,,,11.072514625194668,18.972320083046217,0.0,0.0,0.0,0.0,0.0,0.0
2023-06-07,3,0.0,,,,,,,,,,,8.295296492016183,19.092689793333697,0.0,0.0,0.0,0.0,0.0,0.0
2023-06-07,4,0.0,,,,,,,,,,,10.602208992308084,17.641187586155745,0.0,0.0,0.0,0.0,0.0,0.0
2023-06-07,5,0.0,,,,,,,,,,,12.169264497937467,17.88773529509924,0.0,0.0,0.0,0.0,0.0,0.0
2023-06-07,6,0.0,,,,,,,,,,,14.722201908983976,20.701653034450956,0.0,0.0,0.0,0.0,0.0,0.0
2023-06-07,7,0.0,,,,,,,,,,,35.2418477984638,18.232480235813885,0.0,0.0,0.0,0.0,0.0,0.0
2023-06-07,8,0.0,,,,,,,,,,,36.86432883286089,22.0626618924508,0.0,0.0,0.0,0.0,0.0,0.0
2023-06-07,9,0.0,,,,,,,,,,,40.35796554168297,27.381331741458418,0.0,0.0,0.0,0.0,0.0,0.0
2023-06-07,10,0.0,,,,,,,,,,,29.80896784099161,25.98477940713938,0.0,0.0,0.0,0.0,0.0,0.0
2023-06-07,11,0.0,,,,,,,,,,,34.957007453952485,27.83168466258449,0.0,0.0,0.0,0.0,0.0,0.0
2023-06-07,12,0.0,,,,,,,,,,,35.15073190181569,26.339268686140223,0.0,0.0,0.0,0.0,0.0,0.0
2023-06-07,13,0.0,,,,,,,,,,,34.18760741061237,26.48282715266857,0.0,0.0,0.0,0.0,0.0,0.0
2023-06-07,14,0.0,,,,,,,,,,,43.19206226481707,24.418003722233053,0.0,0.0,0.0,0.0,0.0,0.0
2023-06-07,15,0.0,,,,,,,,,,,35.002112384799325,24.37613763898152,0.0,0.0,0.0,0.0,0.0,0.0
2023-06-07,16,0.0,,,,,,,,,,,37.32405821549267,26.737933300739847,0.0,0.0,0.0,0.0,0.0,0.0
2023-06-07,17,0.0,,,,,,,,,,,36.92345345328675,25.35322278084978,0.0,0.0,0.0,0.0,0.0,0.0
2023-06-07,18,0.0,,,,,,,,,,,34.75445194336878,24.717058976046825,0.0,0.0,0.0,0.0,0.0,0.0
2023-06-07,19,0.0,,,,,,,,,,,36.71786076443151,26.25924220387141,0.0,0.0,0.0,0.0,0.0,0.0
2023-06-07,20,0.0,,,,,,,,,,,43.90821322768203,26.169152345576496,0.0,0.0,0.0,0.0,0.0,0.0
2023-06-07,21,0.0,,,,,,,,,,,38.46464374752639,26.918615256679363,0.0,0.0,0.0,0.0,0.0,0.0
2023-06-07,22,0.0,,,,,,,,,,,33.5376047129249,27.71294768649269,0.0,0.0,0.0,0.0,0.0,0.0
2023-06-07,23,0.0,,,,,,,,,,,11.541815563699029,22.447115078582264,0.0,0.0,0.0,0.0,0.0,0.0
2023-06-08,0,0.0,,,,,,,,,,,17.900268176237116,20.613441775366184,0.0,0.0,0.0,0.0,0.0,0.0
2023-06-08,1,0.0,,,,,,,,,,,15.575233339879762,20.23864773998974,0.0,0.0,0.0,0.0,0.0,0.0
2023-06-08,2,0.0,,,,,,,,,,,15.950238957811717,19.61399603719592,0.0,0.0,0.0,0.0,0.0,0.0
2023-06-08,3,0.0,,,,,,,,,,,11.42517116441732,19.414107402653222,0.0,0.0,0.0,0.0,0.0,0.0
2023-06-08,4,0.0,,,,,,,,,,,16.000239705720332,18.78945801235503,0.0,0.0,0.0,0.0,0.0,0.0
2023-06-08,5,0.0,,,,,,,,,,,16.20024270224699,18.71450048545187,0.0,0.0,0.0,0.0,0.0,0.0
2023-06-08,6,0.0,,,,,,,,,,,17.6502644269445,18.114837992525867,0.0,0.0,0.0,0.0,0.0,0.0
2023-06-08,7,0.0,,,,,,,,,,,48.95073335095009,19.389122262144294,0.0,0.0,0.0,0.0,0.0,0.0
2023-06-08,8,0.0,,,,,,,,,,,54.47581612464852,17.690075285590353,0.0,0.0,0.0,0.0,0.0,0.0
2023-06-08,9,0.0,,,,,,,,,,,47.25070788155299,17.61511739950248,0.0,0.0,0.0,0.0,0.0,0.0
2023-06-08,10,0.0,,,,,,,,,,,42.1256311016437,19.489066182087484,0.0,0.0,0.0,0.0,0.0,0.0
2023-06-08,11,0.0,,,,,,,,,,,42.20063222525007,18.46464096152894,0.0,0.0,0.0,0.0,0.0,0.0
2023-06-08,12,0.0,,,,,,,,,,,56.750850208444675,26.635057216694808,0.0,0.0,0.0,0.0,0.0,0.0
2023-06-08,13,0.0,,,,,,,,,,,55.32582885888608,27.784412244076407,0.0,0.0,0.0,0.0,0.0,0.0
2023-06-08,14,0.0,,,,,,,,,,,61.07591500349613,27.984300118768424,0.0,0.0,0.0,0.0,0.0,0.0
2023-06-08,15,0.0,,,,,,,,,,,51.75077529966336,27.834384264339107,0.0,0.0,0.0,0.0,0.0,0.0
2023-06-08,16,0.0,,,,,,,,,,,54.45081575033073,28.48401982182925,0.0,0.0,0.0,0.0,0.0,0.0
2023-06-08,17,0.0,,,,,,,,,,,51.02576443811812,29.03371142637528,0.0,0.0,0.0,0.0,0.0,0.0
2023-06-08,18,0.0,,,,,,,,,,,50.8507618163426,27.934328195746247,0.0,0.0,0.0,0.0,0.0,0.0
2023-06-08,19,0.0,,,,,,,,,,,42.27563334870677,26.784972999877947,0.0,0.0,0.0,0.0,0.0,0.0
2023-06-08,20,0.0,,,,,,,,,,,59.92589777468077,29.333543201343986,0.0,0.0,0.0,0.0,0.0,0.0
2023-06-08,21,0.0,,,,,,,,,,,52.900792528662336,30.108108656939457,0.0,0.0,0.0,0.0,0.0,0.0
2023-06-08,22,0.0,,,,,,,,,,,51.05076481266442,29.408501152094345,0.0,0.0,0.0,0.0,0.0,0.0
2023-06-08,23,0.0,,,,,,,,,,,14.525217608295351,25.78553371833776,0.0,0.0,0.0,0.0,0.0,0.0
2023-06-09,0,0.0,,,,,,,,,,,14.675219780543118,21.837588355459093,0.0,0.0,0.0,0.0,0.0,0.0
2023-06-09,1,0.0,,,,,,,,,,,15.425231009563758,18.03974306967652,0.0,0.0,0.0,0.0,0.0,0.0
2023-06-09,2,0.0,,,,,,,,,,,14.725220525960124,17.639968446929036,0.0,0.0,0.0,0.0,0.0,0.0
2023-06-09,3,0.0,,,,,,,,,,,11.230168182540194,17.789882461525664,0.0,0.0,0.0,0.0,0.0,0.0
2023-06-09,4,0.0,,,,,,,,,,,15.100226140962643,19.23905842733081,0.0,0.0,0.0,0.0,0.0,0.0
2023-06-09,5,0.0,,,,,,,,,,,15.250228387589033,17.365124562767097,0.0,0.0,0.0,0.0,0.0,0.0
2023-06-09,6,0.0,,,,,,,,,,,15.425231009607646,15.716063331485673,0.0,0.0,0.0,0.0,0.0,0.0
2023-06-09,7,0.0,,,,,,,,,,,6.5650983190710965,16.71549423732536,0.0,0.0,0.0,0.0,0.0,0.0
2023-06-09,8,0.0,,,,,,,,,,,8.745130967320708,16.615550898890643,0.0,0.0,0.0,0.0,0.0,0.0
2023-06-09,9,0.0,,,,,,,,,,,9.11263647094445,17.31515310263625,0.0,0.0,0.0,0.0,0.0,0.0
2023-06-09,10,0.0,,,,,,,,,,,8.470126848892894,18.03974115615076,0.0,0.0,0.0,0.0,0.0,0.0
2023-06-09,11,0.0,,,,,,,,,,,8.677629956462685,18.414528076702695,0.0,0.0,0.0,0.0,0.0,0.0
2023-06-09,12,0.0,,,,,,,,,,,8.812631978306621,19.189087620496103,0.0,0.0,0.0,0.0,0.0,0.0
2023-06-09,13,0.0,,,,,,,,,,,11.11016638612507,18.68937168502504,0.0,0.0,0.0,0.0,0.0,0.0
2023-06-09,14,0.0,,,,,,,,,,,14.500217155660035,18.3895422041088,0.0,0.0,0.0,0.0,0.0,0.0
2023-06-09,15,0.0,,,,,,,,,,,6.477597008666869,18.48948539492331,0.0,0.0,0.0,0.0,0.0,0.0
2023-06-09,16,0.0,,,,,,,,,,,5.8300873115710115,13.692213517616135,0.0,0.0,0.0,0.0,0.0,0.0
2023-06-09,17,0.0,,,,,,,,,,,5.807586974594615,13.067568737554607,0.0,0.0,0.0,0.0,0.0,0.0
2023-06-09,18,0.0,,,,,,,,,,,8.172622393436933,13.942071420580096,0.0,0.0,0.0,0.0,0.0,0.0
2023-06-09,19,0.0,,,,,,,,,,,8.147622019014886,13.76717087738858,0.0,0.0,0.0,0.0,0.0,0.0
2023-06-09,20,0.0,,,,,,,,,,,8.695130218524556,13.667227717582977,0.0,0.0,0.0,0.0,0.0,0.0
2023-06-09,21,0.0,,,,,,,,,,,9.082636021821305,14.541730407558427,0.0,0.0,0.0,0.0,0.0,0.0
2023-06-09,22,0.0,,,,,,,,,,,8.682630031325537,14.991474646557126,0.0,0.0,0.0,0.0,0.0,0.0
2023-06-09,23,0.0,,,,,,,,,,,6.005089932401563,15.341275720356547,0.0,0.0,0.0,0.0,0.0,0.0
2023-06-10,0,0.0,,,,,,,,,,,6.085091099426219,19.064014903577274,0.0,0.0,0.0,0.0,0.0,0.0
2023-06-10,1,0.0,,,,,,,,,,,3.0175451747746735,18.889111559433506,0.0,0.0,0.0,0.0,0.0,0.0
2023-06-10,2,0.0,,,,,,,,,,,2.902543453081051,16.41553558715593,0.0,0.0,0.0,0.0,0.0,0.0
2023-06-10,3,0.0,,,,,,,,,,,3.090046259779795,16.665390827893,0.0,0.0,0.0,0.0,0.0,0.0
2023-06-10,4,0.0,,,,,,,,,,,2.9900447628167783,17.964641828411427,0.0,0.0,0.0,0.0,0.0,0.0
2023-06-10,5,0.0,,,,,,,,,,,3.355050227216437,18.01461343990363,0.0,0.0,0.0,0.0,0.0,0.0
2023-06-10,6,0.0,,,,,,,,,,,3.05754577362048,17.639830631000873,0.0,0.0,0.0,0.0,0.0,0.0
2023-06-10,7,0.0,,,,,,,,,,,2.982544650612245,16.465506834307487,0.0,0.0,0.0,0.0,0.0,0.0
2023-06-10,8,0.0,,,,,,,,,,,3.3525501898439303,16.09072274218401,0.0,0.0,0.0,0.0,0.0,0.0
2023-06-10,9,0.0,,,,,,,,,,,3.300049403819394,16.390549933019347,0.0,0.0,0.0,0.0,0.0,0.0
2023-06-10,10,0.0,,,,,,,,,,,2.9475441266557008,15.241212691792985,0.0,0.0,0.0,0.0,0.0,0.0
2023-06-10,11,0.0,,,,,,,,,,,3.127546821412063,15.066313575527657,0.0,0.0,0.0,0.0,0.0,0.0
2023-06-10,12,0.0,,,,,,,,,,,2.9550442389526363,15.29118394229192,0.0,0.0,0.0,0.0,0.0,0.0
2023-06-10,13,0.0,,,,,,,,,,,2.860042816682202,15.116284686425244,0.0,0.0,0.0,0.0,0.0,0.0
2023-06-10,14,0.0,,,,,,,,,,,2.9450440892163767,15.416111830486797,0.0,0.0,0.0,0.0,0.0,0.0
2023-06-10,15,0.0,,,,,,,,,,,3.180047607367163,13.56717785471858,0.0,0.0,0.0,0.0,0.0,0.0
2023-06-10,16,0.0,,,,,,,,,,,3.3100495535954706,13.417264296270927,0.0,0.0,0.0,0.0,0.0,0.0
2023-06-10,17,0.0,,,,,,,,,,,3.355050227278692,13.5921634554284,0.0,0.0,0.0,0.0,0.0,0.0
2023-06-10,18,0.0,,,,,,,,,,,2.7175406833477984,12.917552396854555,0.0,0.0,0.0,0.0,0.0,0.0
2023-06-10,19,0.0,,,,,,,,,,,2.850042666983005,12.992509175100931,0.0,0.0,0.0,0.0,0.0,0.0
2023-06-10,20,0.0,,,,,,,,,,,3.2375484681999156,14.79147198892074,0.0,0.0,0.0,0.0,0.0,0.0
2023-06-10,21,0.0,,,,,,,,,,,3.3750505266943382,15.665967801710565,0.0,0.0,0.0,0.0,0.0,0.0
2023-06-10,22,0.0,,,,,,,,,,,3.277549067036383,16.5154780169687,0.0,0.0,0.0,0.0,0.0,0.0
2023-06-10,23,0.0,,,,,,,,,,,3.270048954752752,16.740348366739717,0.0,0.0,0.0,0.0,0.0,0.0
2023-06-11,0,0.0,,,,,,,,,,,3.145047067343973,16.81517485859034,0.0,0.0,0.0,0.0,0.0,0.0
2023-06-11,1,0.0,,,,,,,,,,,3.1225467299319236,17.3148789903272,0.0,0.0,0.0,0.0,0.0,0.0
2023-06-11,2,0.0,,,,,,,,,,,3.0000448966138324,17.189950032806333,0.0,0.0,0.0,0.0,0.0,0.0
2023-06-11,3,0.0,,,,,,,,,,,3.127546804368115,16.04062128125979,0.0,0.0,0.0,0.0,0.0,0.0
2023-06-11,4,0.0,,,,,,,,,,,3.4150511070617378,16.540329243166138,0.0,0.0,0.0,0.0,0.0,0.0
2023-06-11,5,0.0,,,,,,,,,,,33.275497976256304,17.96449699967965,0.0,0.0,0.0,0.0,0.0,0.0
2023-06-11,6,0.0,,,,,,,,,,,23.44785090481564,20.01330044955543,0.0,0.0,0.0,0.0,0.0,0.0
2023-06-11,7,0.0,,,,,,,,,,,54.17581075544039,17.939511872623054,0.0,0.0,0.0,0.0,0.0,0.0
2023-06-11,8,0.0,,,,,,,,,,,53.6008021504547,18.339277950825856,0.0,0.0,0.0,0.0,0.0,0.0
2023-06-11,9,0.0,,,,,,,,,,,57.725863882174735,20.71289029631947,0.0,0.0,0.0,0.0,0.0,0.0
2023-06-11,10,0.0,,,,,,,,,,,48.225721711162144,26.484516121408554,0.0,0.0,0.0,0.0,0.0,0.0
2023-06-11,11,0.0,,,,,,,,,,,38.22557205616264,27.184107198214296,0.0,0.0,0.0,0.0,0.0,0.0
2023-06-11,12,0.0,,,,,,,,,,,50.27575239069524,27.35900497412895,0.0,0.0,0.0,0.0,0.0,0.0
2023-06-11,13,0.0,,,,,,,,,,,53.40079915720816,26.609443025450037,0.0,0.0,0.0,0.0,0.0,0.0
2023-06-11,14,0.0,,,,,,,,,,,54.52581599357777,26.40955990258897,0.0,0.0,0.0,0.0,0.0,0.0
2023-06-11,15,0.0,,,,,,,,,,,50.0007482746531,27.558888000898545,0.0,0.0,0.0,0.0,0.0,0.0
2023-06-11,16,0.0,,,,,,,,,,,53.475800279986665,25.659998183555047,0.0,0.0,0.0,0.0,0.0,0.0
2023-06-11,17,0.0,,,,,,,,,,,53.00079317127832,27.109150947280604,0.0,0.0,0.0,0.0,0.0,0.0
2023-06-11,18,0.0,,,,,,,,,,,59.7508941883883,27.908683499295677,0.0,0.0,0.0,0.0,0.0,0.0
2023-06-11,19,0.0,,,,,,,,,,,49.500740791958656,28.358420553216668,0.0,0.0,0.0,0.0,0.0,0.0
2023-06-11,20,0.0,,,,,,,,,,,52.7507894298847,26.109735232007672,0.0,0.0,0.0,0.0,0.0,0.0
2023-06-11,21,0.0,,,,,,,,,,,52.55078643677698,28.733201456459316,0.0,0.0,0.0,0.0,0.0,0.0
2023-06-11,22,0.0,,,,,,,,,,,56.75084929189358,29.70763176586256,0.0,0.0,0.0,0.0,0.0,0.0
2023-06-11,23,0.0,,,,,,,,,,,18.42527573925062,20.53799269081081,0.0,0.0,0.0,0.0,0.0,0.0
2023-06-12,0,0.0,,,,,,,,,,,16.42524572449933,18.788865484867426,0.0,0.0,0.0,0.0,0.0,0.0
2023-06-12,1,0.0,,,,,,,,,,,18.200272275227977,19.563401963733988,0.0,0.0,0.0,0.0,0.0,0.0
2023-06-12,2,0.0,,,,,,,,,,,16.025239736638653,19.48844409080681,0.0,0.0,0.0,0.0,0.0,0.0
2023-06-12,3,0.0,,,,,,,,,,,16.250243100849083,18.688917344003137,0.0,0.0,0.0,0.0,0.0,0.0
2023-06-12,4,0.0,,,,,,,,,,,16.37524497149675,19.613369300984676,0.0,0.0,0.0,0.0,0.0,0.0
2023-06-12,5,0.0,,,,,,,,,,,16.35024459770093,19.113666100576467,0.0,0.0,0.0,0.0,0.0,0.0
2023-06-12,6,0.0,,,,,,,,,,,19.100285739441848,17.039896920201144,0.0,0.0,0.0,0.0,0.0,0.0
2023-06-12,7,0.0,,,,,,,,,,,53.300797374241995,20.58779229587544,0.0,0.0,0.0,0.0,0.0,0.0
2023-06-12,8,0.0,,,,,,,,,,,53.05079363438211,18.039303238230755,0.0,0.0,0.0,0.0,0.0,0.0
2023-06-12,9,0.0,,,,,,,,,,,52.02577829941144,21.412303232706044,0.0,0.0,0.0,0.0,0.0,0.0
2023-06-12,10,0.0,,,,,,,,,,,49.62574239621208,25.235036659944885,0.0,0.0,0.0,0.0,0.0,0.0
2023-06-12,11,0.0,,,,,,,,,,,42.22563169126904,26.384355246072612,0.0,0.0,0.0,0.0,0.0,0.0
2023-06-12,12,0.0,,,,,,,,,,,59.77589424179309,28.682992285694517,0.0,0.0,0.0,0.0,0.0,0.0
2023-06-12,13,0.0,,,,,,,,,,,52.200780918135465,28.83290320731704,0.0,0.0,0.0,0.0,0.0,0.0
2023-06-12,14,0.0,,,,,,,,,,,60.025897981266965,26.659192151525357,0.0,0.0,0.0,0.0,0.0,0.0
2023-06-12,15,0.0,,,,,,,,,,,45.200676197415355,27.40874773764768,0.0,0.0,0.0,0.0,0.0,0.0
2023-06-12,16,0.0,,,,,,,,,,,52.90079139058021,26.884058875707883,0.0,0.0,0.0,0.0,0.0,0.0
2023-06-12,17,0.0,,,,,,,,,,,62.25093126762946,28.03337737130415,0.0,0.0,0.0,0.0,0.0,0.0
2023-06-12,18,0.0,,,,,,,,,,,59.07588376925338,28.03337736047024,0.0,0.0,0.0,0.0,0.0,0.0
2023-06-12,19,0.0,,,,,,,,,,,42.27563243910937,28.408155119977227,0.0,0.0,0.0,0.0,0.0,0.0
2023-06-12,20,0.0,,,,,,,,,,,60.350902843374094,26.93402922620608,0.0,0.0,0.0,0.0,0.0,0.0
2023-06-12,21,0.0,,,,,,,,,,,62.35093276360828,27.95842180842731,0.0,0.0,0.0,0.0,0.0,0.0
2023-06-12,22,0.0,,,,,,,,,,,52.77578952047372,30.981629170168375,0.0,0.0,0.0,0.0,0.0,0.0
2023-06-12,23,0.0,,,,,,,,,,,17.67526442015687,26.034562574493027,0.0,0.0,0.0,0.0,0.0,0.0
2023-06-13,0,0.0,,,,,,,,,,,11.481881150084362,17.67438451057063,0.0,0.0,0.0,0.0,0.0,0.0
2023-06-13,1,0.0,,,,,,,,,,,14.36003045800337,18.173680709897727,0.0,0.0,0.0,0.0,0.0,0.0
2023-06-13,2,0.0,,,,,,,,,,,10.735882923539751,18.693214186597015,0.0,0.0,0.0,0.0,0.0,0.0
2023-06-13,3,0.0,,,,,,,,,,,12.015119480853446,18.099466295981625,0.0,0.0,0.0,0.0,0.0,0.0
2023-06-13,4,0.0,,,,,,,,,,,10.403385815222746,17.3169750606113,0.0,0.0,0.0,0.0,0.0,0.0
2023-06-13,5,0.0,,,,,,,,,,,12.098182589878151,17.480878378277477,0.0,0.0,0.0,0.0,0.0,0.0
2023-06-13,6,0.0,,,,,,,,,,,12.832526851651636,17.467391997482686,0.0,0.0,0.0,0.0,0.0,0.0
2023-06-13,7,0.0,,,,,,,,,,,32.98917591722008,17.34691329110253,0.0,0.0,0.0,0.0,0.0,0.0
2023-06-13,8,0.0,,,,,,,,,,,37.88027629357123,16.935108146210453,0.0,0.0,0.0,0.0,0.0,0.0
2023-06-13,9,0.0,,,,,,,,,,,37.77353805240424,24.831173381881246,0.0,0.0,0.0,0.0,0.0,0.0
2023-06-13,10,0.0,,,,,,,,,,,30.676410980065167,25.615548643842025,0.0,0.0,0.0,0.0,0.0,0.0
2023-06-13,11,0.0,,,,,,,,,,,29.195257302477287,27.78438526620168,0.0,0.0,0.0,0.0,0.0,0.0
2023-06-13,12,0.0,,,,,,,,,,,46.41770965195136,26.64355215310242,0.0,0.0,0.0,0.0,0.0,0.0
2023-06-13,13,0.0,,,,,,,,,,,45.17089566593708,27.61126728237612,0.0,0.0,0.0,0.0,0.0,0.0
2023-06-13,14,0.0,,,,,,,,,,,38.396428672352435,27.564770504035454,0.0,0.0,0.0,0.0,0.0,0.0
2023-06-13,15,0.0,,,,,,,,,,,34.55339534135561,26.813572822272505,0.0,0.0,0.0,0.0,0.0,0.0
2023-06-13,16,0.0,,,,,,,,,,,36.288848273690384,26.281479377361396,0.0,0.0,0.0,0.0,0.0,0.0
2023-06-13,17,0.0,,,,,,,,,,,37.46678822037198,25.33599097278766,0.0,0.0,0.0,0.0,0.0,0.0
2023-06-13,18,0.0,,,,,,,,,,,35.498900378314595,27.08032585813205,0.0,0.0,0.0,0.0,0.0,0.0
2023-06-13,19,0.0,,,,,,,,,,,31.599323311572434,25.940228733136216,0.0,0.0,0.0,0.0,0.0,0.0
2023-06-13,20,0.0,,,,,,,,,,,37.294451236484605,27.493824089143985,0.0,0.0,0.0,0.0,0.0,0.0
2023-06-13,21,0.0,,,,,,,,,,,37.07559355181928,27.639596563208933,0.0,0.0,0.0,0.0,0.0,0.0
2023-06-13,22,0.0,,,,,,,,,,,37.432937731305685,29.629467050809463,0.0,0.0,0.0,0.0,0.0,0.0
2023-06-13,23,0.0,,,,,,,,,,,12.050801394593538,23.077390162179164,0.0,0.0,0.0,0.0,0.0,0.0
2023-06-14,0,0.0,,,,,,,,,,,17.779206382332774,21.272005594601364,0.0,0.0,0.0,0.0,0.0,0.0
2023-06-14,1,0.0,,,,,,,,,,,18.984209477672476,18.969610425722827,0.0,0.0,0.0,0.0,0.0,0.0
2023-06-14,2,0.0,,,,,,,,,,,16.59860812297406,18.694319101517053,0.0,0.0,0.0,0.0,0.0,0.0
2023-06-14,3,0.0,,,,,,,,,,,16.322221812137766,19.06970444266124,0.0,0.0,0.0,0.0,0.0,0.0
2023-06-14,4,0.0,,,,,,,,,,,16.924947280661787,18.193799859219613,0.0,0.0,0.0,0.0,0.0,0.0
2023-06-14,5,0.0,,,,,,,,,,,18.004749280676446,18.06867192522623,0.0,0.0,0.0,0.0,0.0,0.0
2023-06-14,6,0.0,,,,,,,,,,,26.040515897750357,17.943546235051958,0.0,0.0,0.0,0.0,0.0,0.0
2023-06-14,7,0.0,,,,,,,,,,,70.41195773922041,18.619241732226406,0.0,0.0,0.0,0.0,0.0,0.0
2023-06-14,8,0.0,,,,,,,,,,,62.55215226171756,20.99669794981551,0.0,0.0,0.0,0.0,0.0,0.0
2023-06-14,9,0.0,,,,,,,,,,,53.73802296517152,27.57849989190188,0.0,0.0,0.0,0.0,0.0,0.0
2023-06-14,10,0.0,,,,,,,,,,,56.17391665986799,28.329276360761316,0.0,0.0,0.0,0.0,0.0,0.0
2023-06-14,11,0.0,,,,,,,,,,,43.39227751381758,28.55450939955793,0.0,0.0,0.0,0.0,0.0,0.0
2023-06-14,12,0.0,,,,,,,,,,,53.788370168426255,27.92886291913912,0.0,0.0,0.0,0.0,0.0,0.0
2023-06-14,13,0.0,,,,,,,,,,,53.08523982294056,28.17286493835089,0.0,0.0,0.0,0.0,0.0,0.0
2023-06-14,14,0.0,,,,,,,,,,,52.38210947745486,28.41686695756266,0.0,0.0,0.0,0.0,0.0,0.0
2023-06-14,15,0.0,,,,,,,,,,,51.678979131969164,28.66086897677443,0.0,0.0,0.0,0.0,0.0,0.0
2023-06-14,16,0.0,,,,,,,,,,,50.97584878648347,28.904870995986204,0.0,0.0,0.0,0.0,0.0,0.0
2023-06-14,17,0.0,,,,,,,,,,,53.98921618975846,27.077983101664575,0.0,0.0,0.0,0.0,0.0,0.0
2023-06-14,18,0.0,,,,,,,,,,,52.156088327652945,27.05295736813883,0.0,0.0,0.0,0.0,0.0,0.0
2023-06-14,19,0.0,,,,,,,,,,,55.39546324910305,28.429379867325437,0.0,0.0,0.0,0.0,0.0,0.0
2023-06-14,20,0.0,,,,,,,,,,,55.52101067777419,27.903836733512417,0.0,0.0,0.0,0.0,0.0,0.0
2023-06-14,21,0.0,,,,,,,,,,,53.88877933039492,30.731759164810413,0.0,0.0,0.0,0.0,0.0,0.0
2023-06-14,22,0.0,,,,,,,,,,,44.04515517517106,27.503422863337303,0.0,0.0,0.0,0.0,0.0,0.0
2023-06-14,23,0.0,,,,,,,,,,,54.642114516024265,30.906940193752412,0.0,0.0,0.0,0.0,0.0,0.0
2023-06-15,0,0.0,,,,,,,,,,,54.21522223909729,30.256267784927815,0.0,0.0,0.0,0.0,0.0,0.0
2023-06-15,1,0.0,,,,,,,,,,,58.65991952330764,29.08005224392205,0.0,0.0,0.0,0.0,0.0,0.0
2023-06-15,2,0.0,,,,,,,,,,,18.40655762247292,26.02689700970492,0.0,0.0,0.0,0.0,0.0,0.0
2023-06-15,3,0.0,,,,,,,,,,,13.494469003970956,22.495737573669224,0.0,0.0,0.0,0.0,0.0,0.0
2023-06-15,4,0.0,,,,,,,,,,,13.327473832181916,21.27883045651823,0.0,0.0,0.0,0.0,0.0,0.0
2023-06-15,5,0.0,,,,,,,,,,,16.487737083090487,18.56344759525174,0.0,0.0,0.0,0.0,0.0,0.0
2023-06-15,6,0.0,,,,,,,,,,,15.088286085747391,16.63774137686156,0.0,0.0,0.0,0.0,0.0,0.0
2023-06-15,7,0.0,,,,,,,,,,,15.53808377685984,17.653170154017225,0.0,0.0,0.0,0.0,0.0,0.0
2023-06-15,8,0.0,,,,,,,,,,,14.750201362870904,15.894063615274336,0.0,0.0,0.0,0.0,0.0,0.0
2023-06-15,9,0.0,,,,,,,,,,,13.45629470431158,15.375582499937462,0.0,0.0,0.0,0.0,0.0,0.0
2023-06-15,10,0.0,,,,,,,,,,,43.66150320471427,17.60301000138533,0.0,0.0,0.0,0.0,0.0,0.0
2023-06-15,11,0.0,,,,,,,,,,,46.45035122750544,21.40050084853796,0.0,0.0,0.0,0.0,0.0,0.0
2023-06-15,12,0.0,,,,,,,,,,,47.490603628738654,24.71115118954243,0.0,0.0,0.0,0.0,0.0,0.0
2023-06-15,13,0.0,,,,,,,,,,,46.849212404303735,26.845224723203437,0.0,0.0,0.0,0.0,0.0,0.0
2023-06-15,14,0.0,,,,,,,,,,,40.458924336650995,26.95216093360425,0.0,0.0,0.0,0.0,0.0,0.0
2023-06-15,15,0.0,,,,,,,,,,,47.34796980052761,25.600361417296128,0.0,0.0,0.0,0.0,0.0,0.0
2023-06-15,16,0.0,,,,,,,,,,,46.59882230619396,25.198870094201343,0.0,0.0,0.0,0.0,0.0,0.0
2023-06-15,17,0.0,,,,,,,,,,,48.02533444633529,25.106130072172377,0.0,0.0,0.0,0.0,0.0,0.0
2023-06-15,18,0.0,,,,,,,,,,,41.50904079611492,27.1715319306794,0.0,0.0,0.0,0.0,0.0,0.0
2023-06-15,19,0.0,,,,,,,,,,,44.42727380398899,25.708843915522717,0.0,0.0,0.0,0.0,0.0,0.0
2023-06-15,20,0.0,,,,,,,,,,,46.58084654070039,27.357911229778036,0.0,0.0,0.0,0.0,0.0,0.0
2023-06-15,21,0.0,,,,,,,,,,,40.72830275283699,26.639311812532988,0.0,0.0,0.0,0.0,0.0,0.0
2023-06-15,22,0.0,,,,,,,,,,,31.03165389169184,26.034400821246635,0.0,0.0,0.0,0.0,0.0,0.0
2023-06-15,23,0.0,,,,,,,,,,,51.79285222405039,24.71062615120036,0.0,0.0,0.0,0.0,0.0,0.0
2023-06-16,0,0.0,,,,,,,,,,,53.87021868779274,26.568531772900226,0.0,0.0,0.0,0.0,0.0,0.0
2023-06-16,1,0.0,,,,,,,,,,,37.08977894093655,26.3828798389751,0.0,0.0,0.0,0.0,0.0,0.0
2023-06-16,2,0.0,,,,,,,,,,,12.818571094303826,23.572763262257595,0.0,0.0,0.0,0.0,0.0,0.0
2023-06-16,3,0.0,,,,,,,,,,,11.34115367921448,19.225889082123956,0.0,0.0,0.0,0.0,0.0,0.0
2023-06-16,4,0.0,,,,,,,,,,,12.559059276552128,16.9550997468732,0.0,0.0,0.0,0.0,0.0,0.0
2023-06-16,5,0.0,,,,,,,,,,,14.421975500562018,16.910117520467956,0.0,0.0,0.0,0.0,0.0,0.0
2023-06-16,6,0.0,,,,,,,,,,,14.255647815792647,18.499157434998743,0.0,0.0,0.0,0.0,0.0,0.0
2023-06-16,7,0.0,,,,,,,,,,,14.026189318238805,16.850356691678343,0.0,0.0,0.0,0.0,0.0,0.0
2023-06-16,8,0.0,,,,,,,,,,,14.89081331009853,16.682269838577227,0.0,0.0,0.0,0.0,0.0,0.0
2023-06-16,9,0.0,,,,,,,,,,,12.850692686918888,14.361803456281097,0.0,0.0,0.0,0.0,0.0,0.0
2023-06-16,10,0.0,,,,,,,,,,,14.938765715510527,14.575047446685453,0.0,0.0,0.0,0.0,0.0,0.0
2023-06-16,11,0.0,,,,,,,,,,,11.360432746370815,14.64848020160362,0.0,0.0,0.0,0.0,0.0,0.0
2023-06-16,12,0.0,,,,,,,,,,,11.09663802543294,17.574629643505304,0.0,0.0,0.0,0.0,0.0,0.0
2023-06-16,13,0.0,,,,,,,,,,,11.1469057604265,18.576945948073615,0.0,0.0,0.0,0.0,0.0,0.0
2023-06-16,14,0.0,,,,,,,,,,,10.979789476624685,19.375098374994092,0.0,0.0,0.0,0.0,0.0,0.0
2023-06-16,15,0.0,,,,,,,,,,,14.8560141355206,20.32818078775722,0.0,0.0,0.0,0.0,0.0,0.0
2023-06-16,16,0.0,,,,,,,,,,,13.936117175659986,19.268841190306382,0.0,0.0,0.0,0.0,0.0,0.0
2023-06-16,17,0.0,,,,,,,,,,,13.601670304076514,18.850899491904077,0.0,0.0,0.0,0.0,0.0,0.0
2023-06-16,18,0.0,,,,,,,,,,,6.285184591938094,16.9713254741442,0.0,0.0,0.0,0.0,0.0,0.0
2023-06-16,19,0.0,,,,,,,,,,,8.97861252484522,15.216089171366775,0.0,0.0,0.0,0.0,0.0,0.0
2023-06-16,20,0.0,,,,,,,,,,,8.582252703065864,14.79723539901956,0.0,0.0,0.0,0.0,0.0,0.0
2023-06-16,21,0.0,,,,,,,,,,,8.27093221584037,14.453130985732294,0.0,0.0,0.0,0.0,0.0,0.0
2023-06-16,22,0.0,,,,,,,,,,,5.829676937019727,14.726049825835329,0.0,0.0,0.0,0.0,0.0,0.0
2023-06-16,23,0.0,,,,,,,,,,,5.949432937934616,14.33059977667697,0.0,0.0,0.0,0.0,0.0,0.0
2023-06-17,0,0.0,,,,,,,,,,,8.43703924242386,15.513850935554196,0.0,0.0,0.0,0.0,0.0,0.0
2023-06-17,1,0.0,,,,,,,,,,,8.426748502131252,16.056356166801812,0.0,0.0,0.0,0.0,0.0,0.0
2023-06-17,2,0.0,,,,,,,,,,,8.316678112736714,16.623976076547,0.0,0.0,0.0,0.0,0.0,0.0
2023-06-17,3,0.0,,,,,,,,,,,3.744527459141232,17.897867660144364,0.0,0.0,0.0,0.0,0.0,0.0
2023-06-17,4,0.0,,,,,,,,,,,3.7520304564142184,17.99768917463168,0.0,0.0,0.0,0.0,0.0,0.0
2023-06-17,5,0.0,,,,,,,,,,,3.712008734575606,18.02263734420777,0.0,0.0,0.0,0.0,0.0,0.0
2023-06-17,6,0.0,,,,,,,,,,,3.681991951639067,16.82445150695954,0.0,0.0,0.0,0.0,0.0,0.0
2023-06-17,7,0.0,,,,,,,,,,,3.65947995785005,16.82445241382211,0.0,0.0,0.0,0.0,0.0,0.0
2023-06-17,8,0.0,,,,,,,,,,,3.6619813714371174,16.899341435951982,0.0,0.0,0.0,0.0,0.0,0.0
2023-06-17,9,0.0,,,,,,,,,,,3.6594803825793063,16.100561251105542,0.0,0.0,0.0,0.0,0.0,0.0
2023-06-17,10,0.0,,,,,,,,,,,3.7070057978030784,15.102071798089504,0.0,0.0,0.0,0.0,0.0,0.0
2023-06-17,11,0.0,,,,,,,,,,,3.7245152865640474,14.802525464194233,0.0,0.0,0.0,0.0,0.0,0.0
2023-06-17,12,0.0,,,,,,,,,,,3.7270165607635297,15.151995236883788,0.0,0.0,0.0,0.0,0.0,0.0
2023-06-17,13,0.0,,,,,,,,,,,3.719512602714225,14.378170774117129,0.0,0.0,0.0,0.0,0.0,0.0
2023-06-17,14,0.0,,,,,,,,,,,3.7145098942501726,13.878929025977069,0.0,0.0,0.0,0.0,0.0,0.0
2023-06-17,15,0.0,,,,,,,,,,,3.671986912329449,14.078625945205758,0.0,0.0,0.0,0.0,0.0,0.0
2023-06-17,16,0.0,,,,,,,,,,,3.6995017388570623,14.253360055749164,0.0,0.0,0.0,0.0,0.0,0.0
2023-06-17,17,0.0,,,,,,,,,,,3.7070058159207258,14.003739098919668,0.0,0.0,0.0,0.0,0.0,0.0
2023-06-17,18,0.0,,,,,,,,,,,3.681992275367067,14.35320867046396,0.0,0.0,0.0,0.0,0.0,0.0
2023-06-17,19,0.0,,,,,,,,,,,3.6995017715424217,14.1784740228937,0.0,0.0,0.0,0.0,0.0,0.0
2023-06-17,20,0.0,,,,,,,,,,,3.6919977025132464,14.228398205855466,0.0,0.0,0.0,0.0,0.0,0.0
2023-06-17,21,0.0,,,,,,,,,,,3.734520712353394,14.253360272133577,0.0,0.0,0.0,0.0,0.0,0.0
2023-06-17,22,0.0,,,,,,,,,,,3.7820464185657983,13.978777108291084,0.0,0.0,0.0,0.0,0.0,0.0
2023-06-17,23,0.0,,,,,,,,,,,3.754531537026261,14.87741281389258,0.0,0.0,0.0,0.0,0.0,0.0
2023-06-18,0,0.0,,,,,,,,,,,3.7495288293391975,16.549873669713172,0.0,0.0,0.0,0.0,0.0,0.0
2023-06-18,1,0.0,,,,,,,,,,,3.717011237530309,17.248812524384434,0.0,0.0,0.0,0.0,0.0,0.0
2023-06-18,2,0.0,,,,,,,,,,,3.7070058206608247,17.62324404478418,0.0,0.0,0.0,0.0,0.0,0.0
2023-06-18,3,0.0,,,,,,,,,,,3.6519519692470426,16.79857263108863,0.0,0.0,0.0,0.0,0.0,0.0
2023-06-18,4,0.0,,,,,,,,,,,3.5919188877978905,17.272798510765917,0.0,0.0,0.0,0.0,0.0,0.0
2023-06-18,5,0.0,,,,,,,,,,,3.5669054654812182,17.722076183391998,0.0,0.0,0.0,0.0,0.0,0.0
2023-06-18,6,0.0,,,,,,,,,,,3.43183281869827,16.54891940537665,0.0,0.0,0.0,0.0,0.0,0.0
2023-06-18,7,0.0,,,,,,,,,,,3.2992621801610493,16.648763022293682,0.0,0.0,0.0,0.0,0.0,0.0
2023-06-18,8,0.0,,,,,,,,,,,24.403034378750508,21.391292949199595,0.0,0.0,0.0,0.0,0.0,0.0
2023-06-18,9,0.0,,,,,,,,,,,17.184180243629292,20.66744324259655,0.0,0.0,0.0,0.0,0.0,0.0
2023-06-18,10,0.0,,,,,,,,,,,62.33329511571783,20.018458369579225,0.0,0.0,0.0,0.0,0.0,0.0
2023-06-18,11,0.0,,,,,,,,,,,52.37797771819272,20.492709471633344,0.0,0.0,0.0,0.0,0.0,0.0
2023-06-18,12,0.0,,,,,,,,,,,48.05066528731141,26.932562849441897,0.0,0.0,0.0,0.0,0.0,0.0
2023-06-18,13,0.0,,,,,,,,,,,57.15552999465629,28.255479762127393,0.0,0.0,0.0,0.0,0.0,0.0
2023-06-18,14,0.0,,,,,,,,,,,47.4753592499839,28.555008464599904,0.0,0.0,0.0,0.0,0.0,0.0
2023-06-18,15,0.0,,,,,,,,,,,51.777657719114664,30.302255714946753,0.0,0.0,0.0,0.0,0.0,0.0
2023-06-18,16,0.0,,,,,,,,,,,52.45301761834897,29.503512856583203,0.0,0.0,0.0,0.0,0.0,0.0
2023-06-18,17,0.0,,,,,,,,,,,49.901655035359624,29.803041043157805,0.0,0.0,0.0,0.0,0.0,0.0
2023-06-18,18,0.0,,,,,,,,,,,50.3769088123939,27.25705291218179,0.0,0.0,0.0,0.0,0.0,0.0
2023-06-18,19,0.0,,,,,,,,,,,56.63024936118246,26.60807559666612,0.0,0.0,0.0,0.0,0.0,0.0
2023-06-18,20,0.0,,,,,,,,,,,52.227897701619696,26.483272197433436,0.0,0.0,0.0,0.0,0.0,0.0
2023-06-18,21,0.0,,,,,,,,,,,44.84895622853701,28.03083373910266,0.0,0.0,0.0,0.0,0.0,0.0
2023-06-18,22,0.0,,,,,,,,,,,42.3726333884437,27.856108952257948,0.0,0.0,0.0,0.0,0.0,0.0
2023-06-18,23,0.0,,,,,,,,,,,52.377977841439055,27.481698954035775,0.0,0.0,0.0,0.0,0.0,0.0
2023-06-19,0,0.0,,,,,,,,,,,58.1560642105044,30.327215505195753,0.0,0.0,0.0,0.0,0.0,0.0
2023-06-19,1,0.0,,,,,,,,,,,56.45515571186581,31.22579966212519,0.0,0.0,0.0,0.0,0.0,0.0
2023-06-19,2,0.0,,,,,,,,,,,16.63388503251411,26.408390104947564,0.0,0.0,0.0,0.0,0.0,0.0
2023-06-19,3,0.0,,,,,,,,,,,17.384174159235833,22.613029488936917,0.0,0.0,0.0,0.0,0.0,0.0
2023-06-19,4,0.0,,,,,,,,,,,16.358628535565828,20.166993165898436,0.0,0.0,0.0,0.0,0.0,0.0
2023-06-19,5,0.0,,,,,,,,,,,15.35810054628411,20.191934135697277,0.0,0.0,0.0,0.0,0.0,0.0
2023-06-19,6,0.0,,,,,,,,,,,14.607702719622708,19.9922542572203,0.0,0.0,0.0,0.0,0.0,0.0
2023-06-19,7,0.0,,,,,,,,,,,15.558204672217236,20.890783846656923,0.0,0.0,0.0,0.0,0.0,0.0
2023-06-19,8,0.0,,,,,,,,,,,15.458152150584114,19.4431585184559,0.0,0.0,0.0,0.0,0.0,0.0
2023-06-19,9,0.0,,,,,,,,,,,14.907863355379954,18.79423077294552,0.0,0.0,0.0,0.0,0.0,0.0
2023-06-19,10,0.0,,,,,,,,,,,45.32390317996661,20.890790249302835,0.0,0.0,0.0,0.0,0.0,0.0
2023-06-19,11,0.0,,,,,,,,,,,52.8528740496201,20.24185115487496,0.0,0.0,0.0,0.0,0.0,0.0
2023-06-19,12,0.0,,,,,,,,,,,54.153558923761075,27.43008020804491,0.0,0.0,0.0,0.0,0.0,0.0
2023-06-19,13,0.0,,,,,,,,,,,48.675671323238745,27.080653890720587,0.0,0.0,0.0,0.0,0.0,0.0
2023-06-19,14,0.0,,,,,,,,,,,50.12643643037905,29.202180487862524,0.0,0.0,0.0,0.0,0.0,0.0
2023-06-19,15,0.0,,,,,,,,,,,53.60327046898803,29.501690272141563,0.0,0.0,0.0,0.0,0.0,0.0
2023-06-19,16,0.0,,,,,,,,,,,52.55271557100421,28.353568937826243,0.0,0.0,0.0,0.0,0.0,0.0
2023-06-19,17,0.0,,,,,,,,,,,53.228071972817574,27.030735310183005,0.0,0.0,0.0,0.0,0.0,0.0
2023-06-19,18,0.0,,,,,,,,,,,50.92685825561604,28.628119823764138,0.0,0.0,0.0,0.0,0.0,0.0
2023-06-19,19,0.0,,,,,,,,,,,50.75176620111102,27.10561316364772,0.0,0.0,0.0,0.0,0.0,0.0
2023-06-19,20,0.0,,,,,,,,,,,58.95609298672231,30.10070848834965,0.0,0.0,0.0,0.0,0.0,0.0
2023-06-19,21,0.0,,,,,,,,,,,51.176990362202176,29.60152583978847,0.0,0.0,0.0,0.0,0.0,0.0
2023-06-19,22,0.0,,,,,,,,,,,42.6474918669033,29.277057074903546,0.0,0.0,0.0,0.0,0.0,0.0
2023-06-19,23,0.0,,,,,,,,,,,57.630393795376264,28.453405929264168,0.0,0.0,0.0,0.0,0.0,0.0
2023-06-20,0,0.0,,,,,,,,,,,74.91450928091655,30.52501359547634,0.0,0.0,0.0,0.0,0.0,0.0
2023-06-20,1,0.0,,,,,,,,,,,57.330235528642824,31.573296966489785,0.0,0.0,0.0,0.0,0.0,0.0
2023-06-20,2,0.0,,,,,,,,,,,16.80886485393996,27.70463210155717,0.0,0.0,0.0,0.0,0.0,0.0
2023-06-20,3,0.0,,,,,,,,,,,12.248123560773427,22.459638910100043,0.0,0.0,0.0,0.0,0.0,0.0
2023-06-20,4,0.0,,,,,,,,,,,12.483875864488455,21.344875759665996,0.0,0.0,0.0,0.0,0.0,0.0
2023-06-20,5,0.0,,,,,,,,,,,15.05038980366253,18.61357124131892,0.0,0.0,0.0,0.0,0.0,0.0
2023-06-20,6,0.0,,,,,,,,,,,14.424154906101585,17.754049306212526,0.0,0.0,0.0,0.0,0.0,0.0
2023-06-20,7,0.0,,,,,,,,,,,15.710876586820872,18.265298475711965,0.0,0.0,0.0,0.0,0.0,0.0
2023-06-20,8,0.0,,,,,,,,,,,14.043819406281685,16.98675043218953,0.0,0.0,0.0,0.0,0.0,0.0
2023-06-20,9,0.0,,,,,,,,,,,23.29820469772097,20.2682657481549,0.0,0.0,0.0,0.0,0.0,0.0
2023-06-20,10,0.0,,,,,,,,,,,43.68002697755277,17.67773507940527,0.0,0.0,0.0,0.0,0.0,0.0
2023-06-20,11,0.0,,,,,,,,,,,46.83350147754494,22.91142271954068,0.0,0.0,0.0,0.0,0.0,0.0
2023-06-20,12,0.0,,,,,,,,,,,54.65018035860944,26.061561786571215,0.0,0.0,0.0,0.0,0.0,0.0
2023-06-20,13,0.0,,,,,,,,,,,45.28808397497904,26.00379779349799,0.0,0.0,0.0,0.0,0.0,0.0
2023-06-20,14,0.0,,,,,,,,,,,42.42742564818889,26.21823484056783,0.0,0.0,0.0,0.0,0.0,0.0
2023-06-20,15,0.0,,,,,,,,,,,47.43136411315108,27.607864983913625,0.0,0.0,0.0,0.0,0.0,0.0
2023-06-20,16,0.0,,,,,,,,,,,44.22586586717078,27.383705127879978,0.0,0.0,0.0,0.0,0.0,0.0
2023-06-20,17,0.0,,,,,,,,,,,54.267610775038335,26.41351290127148,0.0,0.0,0.0,0.0,0.0,0.0
2023-06-20,18,0.0,,,,,,,,,,,43.60817467808994,26.088289515716735,0.0,0.0,0.0,0.0,0.0,0.0
2023-06-20,19,0.0,,,,,,,,,,,47.68186297024057,27.425941835314266,0.0,0.0,0.0,0.0,0.0,0.0
2023-06-20,20,0.0,,,,,,,,,,,46.31367058193086,26.734095932396073,0.0,0.0,0.0,0.0,0.0,0.0
2023-06-20,21,0.0,,,,,,,,,,,53.7644796669586,26.46196870801491,0.0,0.0,0.0,0.0,0.0,0.0
2023-06-20,22,0.0,,,,,,,,,,,37.8700616547063,27.679632077641244,0.0,0.0,0.0,0.0,0.0,0.0
2023-06-20,23,0.0,,,,,,,,,,,44.50585116938115,28.11692748966319,0.0,0.0,0.0,0.0,0.0,0.0
2023-06-21,0,0.0,,,,,,,,,,,48.4470920915651,29.22234422259085,0.0,0.0,0.0,0.0,0.0,0.0
2023-06-21,1,0.0,,,,,,,,,,,43.6088833340195,28.85433002520453,0.0,0.0,0.0,0.0,0.0,0.0
2023-06-21,2,0.0,,,,,,,,,,,16.5345257474655,25.90669964517993,0.0,0.0,0.0,0.0,0.0,0.0
2023-06-21,3,0.0,,,,,,,,,,,12.576148332019958,22.54177934255618,0.0,0.0,0.0,0.0,0.0,0.0
2023-06-21,4,0.0,,,,,,,,,,,13.381018612873984,22.97594414863323,0.0,0.0,0.0,0.0,0.0,0.0
2023-06-21,5,0.0,,,,,,,,,,,14.367504455583097,22.23291984217778,0.0,0.0,0.0,0.0,0.0,0.0
2023-06-21,6,0.0,,,,,,,,,,,14.052459067809234,17.37848904682487,0.0,0.0,0.0,0.0,0.0,0.0
2023-06-21,7,0.0,,,,,,,,,,,14.64049111273064,19.48023654499237,0.0,0.0,0.0,0.0,0.0,0.0
2023-06-21,8,0.0,,,,,,,,,,,13.886345370298784,17.479223444357878,0.0,0.0,0.0,0.0,0.0,0.0
2023-06-21,9,0.0,,,,,,,,,,,24.26724207422685,21.63599325858139,0.0,0.0,0.0,0.0,0.0,0.0
2023-06-21,10,0.0,,,,,,,,,,,39.39551089418372,23.228346012441683,0.0,0.0,0.0,0.0,0.0,0.0
2023-06-21,11,0.0,,,,,,,,,,,44.49925424370769,22.80257202093774,0.0,0.0,0.0,0.0,0.0,0.0
2023-06-21,12,0.0,,,,,,,,,,,43.608049171892496,29.176875883068647,0.0,0.0,0.0,0.0,0.0,0.0
2023-06-21,13,0.0,,,,,,,,,,,40.79863402519553,26.594143866302808,0.0,0.0,0.0,0.0,0.0,0.0
2023-06-21,14,0.0,,,,,,,,,,,43.93610864770012,28.26031083137551,0.0,0.0,0.0,0.0,0.0,0.0
2023-06-21,15,0.0,,,,,,,,,,,44.06369014287203,26.667679449289174,0.0,0.0,0.0,0.0,0.0,0.0
2023-06-21,16,0.0,,,,,,,,,,,44.4954360030422,28.939826984065604,0.0,0.0,0.0,0.0,0.0,0.0
2023-06-21,17,0.0,,,,,,,,,,,41.222893833911215,28.867714067794108,0.0,0.0,0.0,0.0,0.0,0.0
2023-06-21,18,0.0,,,,,,,,,,,42.27861763371886,27.71667528006026,0.0,0.0,0.0,0.0,0.0,0.0
2023-06-21,19,0.0,,,,,,,,,,,44.57028213831415,28.442299963926132,0.0,0.0,0.0,0.0,0.0,0.0
2023-06-21,20,0.0,,,,,,,,,,,41.48416447036181,30.057736857347003,0.0,0.0,0.0,0.0,0.0,0.0
2023-06-21,21,0.0,,,,,,,,,,,36.39808613113567,29.334484947773696,0.0,0.0,0.0,0.0,0.0,0.0
2023-06-21,22,0.0,,,,,,,,,,,34.79454709039729,28.06954547127596,0.0,0.0,0.0,0.0,0.0,0.0
2023-06-21,23,0.0,,,,,,,,,,,48.79801628864873,27.834882465648608,0.0,0.0,0.0,0.0,0.0,0.0
2023-06-22,0,0.0,,,,,,,,,,,46.39589480181879,30.199070209335535,0.0,0.0,0.0,0.0,0.0,0.0
2023-06-22,1,0.0,,,,,,,,,,,47.534618542596355,30.761175153232713,0.0,0.0,0.0,0.0,0.0,0.0
2023-06-22,2,0.0,,,,,,,,,,,12.842485696984928,24.8150721625824,0.0,0.0,0.0,0.0,0.0,0.0
2023-06-22,3,0.0,,,,,,,,,,,12.626712023398255,22.956774296895578,0.0,0.0,0.0,0.0,0.0,0.0
2023-06-22,4,0.0,,,,,,,,,,,12.26449051543433,23.683180010466543,0.0,0.0,0.0,0.0,0.0,0.0
2023-06-22,5,0.0,,,,,,,,,,,14.426960528812163,22.66629479143151,0.0,0.0,0.0,0.0,0.0,0.0
2023-06-22,6,0.0,,,,,,,,,,,13.719736059306964,19.737010635818823,0.0,0.0,0.0,0.0,0.0,0.0
2023-06-22,7,0.0,,,,,,,,,,,14.53841699929592,20.23494117257925,0.0,0.0,0.0,0.0,0.0,0.0
2023-06-22,8,0.0,,,,,,,,,,,13.377130876507188,18.281724298238014,0.0,0.0,0.0,0.0,0.0,0.0
2023-06-22,9,0.0,,,,,,,,,,,12.399694667513703,20.809270774484972,0.0,0.0,0.0,0.0,0.0,0.0
2023-06-22,10,0.0,,,,,,,,,,,40.270981454998186,23.08687327213123,0.0,0.0,0.0,0.0,0.0,0.0
2023-06-22,11,0.0,,,,,,,,,,,42.10557854224142,27.37227036354132,0.0,0.0,0.0,0.0,0.0,0.0
2023-06-22,12,0.0,,,,,,,,,,,44.28437651587264,26.90509837247847,0.0,0.0,0.0,0.0,0.0,0.0
2023-06-22,13,0.0,,,,,,,,,,,40.435397161047014,26.728042461946007,0.0,0.0,0.0,0.0,0.0,0.0
2023-06-22,14,0.0,,,,,,,,,,,36.280729219626544,29.06521223951654,0.0,0.0,0.0,0.0,0.0,0.0
2023-06-22,15,0.0,,,,,,,,,,,44.09164693932371,28.13657145321914,0.0,0.0,0.0,0.0,0.0,0.0
2023-06-22,16,0.0,,,,,,,,,,,44.14024143820134,28.77872053201426,0.0,0.0,0.0,0.0,0.0,0.0
2023-06-22,17,0.0,,,,,,,,,,,42.82332698962236,29.206887794097685,0.0,0.0,0.0,0.0,0.0,0.0
2023-06-22,18,0.0,,,,,,,,,,,49.89434593818378,29.944898614672635,0.0,0.0,0.0,0.0,0.0,0.0
2023-06-22,19,0.0,,,,,,,,,,,43.939907766137935,28.67617498376355,0.0,0.0,0.0,0.0,0.0,0.0
2023-06-22,20,0.0,,,,,,,,,,,39.29563823213839,30.210660247762416,0.0,0.0,0.0,0.0,0.0,0.0
2023-06-22,21,0.0,,,,,,,,,,,38.71165517720997,28.87139104370367,0.0,0.0,0.0,0.0,0.0,0.0
2023-06-22,22,0.0,,,,,,,,,,,32.23597178506975,30.45109454611061,0.0,0.0,0.0,0.0,0.0,0.0
2023-06-22,23,0.0,,,,,,,,,,,42.54793750149967,29.396343750916596,0.0,0.0,0.0,0.0,0.0,0.0
2023-06-23,0,0.0,,,,,,,,,,,52.88418323710757,29.58787755900392,0.0,0.0,0.0,0.0,0.0,0.0
2023-06-23,1,0.0,,,,,,,,,,,33.8623916731767,30.019541041029132,0.0,0.0,0.0,0.0,0.0,0.0
2023-06-23,2,0.0,,,,,,,,,,,13.446881287609536,26.905137357707225,0.0,0.0,0.0,0.0,0.0,0.0
2023-06-23,3,0.0,,,,,,,,,,,12.881439333811588,21.667879365013963,0.0,0.0,0.0,0.0,0.0,0.0
2023-06-23,4,0.0,,,,,,,,,,,12.74496435076724,19.363272038262004,0.0,0.0,0.0,0.0,0.0,0.0
2023-06-23,5,0.0,,,,,,,,,,,14.785924187256231,19.640795559560345,0.0,0.0,0.0,0.0,0.0,0.0
2023-06-23,6,0.0,,,,,,,,,,,14.496468273096225,20.0097625272585,0.0,0.0,0.0,0.0,0.0,0.0
2023-06-23,7,0.0,,,,,,,,,,,14.613386651386598,17.997926449017942,0.0,0.0,0.0,0.0,0.0,0.0
2023-06-23,8,0.0,,,,,,,,,,,14.253627209460609,18.748893943678286,0.0,0.0,0.0,0.0,0.0,0.0
2023-06-23,9,0.0,,,,,,,,,,,12.390723641283866,16.788715755096018,0.0,0.0,0.0,0.0,0.0,0.0
2023-06-23,10,0.0,,,,,,,,,,,7.706930433883665,18.095838311143428,0.0,0.0,0.0,0.0,0.0,0.0
2023-06-23,11,0.0,,,,,,,,,,,5.563443415253566,19.94495112235733,0.0,0.0,0.0,0.0,0.0,0.0
2023-06-23,12,0.0,,,,,,,,,,,7.829452370659465,19.39590143681462,0.0,0.0,0.0,0.0,0.0,0.0
2023-06-23,13,0.0,,,,,,,,,,,5.49693012677609,19.73236419114381,0.0,0.0,0.0,0.0,0.0,0.0
2023-06-23,14,0.0,,,,,,,,,,,7.29934055134095,19.68684925308744,0.0,0.0,0.0,0.0,0.0,0.0
2023-06-23,15,0.0,,,,,,,,,,,13.718433509741123,20.24392140105622,0.0,0.0,0.0,0.0,0.0,0.0
2023-06-23,16,0.0,,,,,,,,,,,7.97925311053845,20.86222361023871,0.0,0.0,0.0,0.0,0.0,0.0
2023-06-23,17,0.0,,,,,,,,,,,8.095915379165449,19.79025005234422,0.0,0.0,0.0,0.0,0.0,0.0
2023-06-23,18,0.0,,,,,,,,,,,8.098451486934934,20.81269794888107,0.0,0.0,0.0,0.0,0.0,0.0
2023-06-23,19,0.0,,,,,,,,,,,8.182949083359498,16.501470750608394,0.0,0.0,0.0,0.0,0.0,0.0
2023-06-23,20,0.0,,,,,,,,,,,5.913094677120471,16.669199625183193,0.0,0.0,0.0,0.0,0.0,0.0
2023-06-23,21,0.0,,,,,,,,,,,8.424973857783527,17.431937391384,0.0,0.0,0.0,0.0,0.0,0.0
2023-06-23,22,0.0,,,,,,,,,,,11.673958230987235,16.81239106359286,0.0,0.0,0.0,0.0,0.0,0.0
2023-06-23,23,0.0,,,,,,,,,,,13.142544281550656,16.931272626935975,0.0,0.0,0.0,0.0,0.0,0.0
2023-06-24,0,0.0,,,,,,,,,,,6.503714964174451,18.45521868239228,0.0,0.0,0.0,0.0,0.0,0.0
2023-06-24,1,0.0,,,,,,,,,,,5.791266706777475,18.59814391406916,0.0,0.0,0.0,0.0,0.0,0.0
2023-06-24,2,0.0,,,,,,,,,,,8.0415869968913,18.47923851812289,0.0,0.0,0.0,0.0,0.0,0.0
2023-06-24,3,0.0,,,,,,,,,,,6.028049311066762,20.731859249535983,0.0,0.0,0.0,0.0,0.0,0.0
2023-06-24,4,0.0,,,,,,,,,,,2.661102075382525,18.89839210914212,0.0,0.0,0.0,0.0,0.0,0.0
2023-06-24,5,0.0,,,,,,,,,,,2.8555754437317526,19.225729377134215,0.0,0.0,0.0,0.0,0.0,0.0
2023-06-24,6,0.0,,,,,,,,,,,2.9013888303191924,18.728218993742665,0.0,0.0,0.0,0.0,0.0,0.0
2023-06-24,7,0.0,,,,,,,,,,,2.5846578720258084,18.24770950301424,0.0,0.0,0.0,0.0,0.0,0.0
2023-06-24,8,0.0,,,,,,,,,,,2.8037453034504143,18.884852011200778,0.0,0.0,0.0,0.0,0.0,0.0
2023-06-24,9,0.0,,,,,,,,,,,2.638775542320856,18.14481110277687,0.0,0.0,0.0,0.0,0.0,0.0
2023-06-24,10,0.0,,,,,,,,,,,2.7340736016942304,16.43175768504004,0.0,0.0,0.0,0.0,0.0,0.0
2023-06-24,11,0.0,,,,,,,,,,,2.6878470051632126,16.464083214955465,0.0,0.0,0.0,0.0,0.0,0.0
2023-06-24,12,0.0,,,,,,,,,,,2.7193878995704988,16.3200005428678,0.0,0.0,0.0,0.0,0.0,0.0
2023-06-24,13,0.0,,,,,,,,,,,2.670039826269052,16.015785267218142,0.0,0.0,0.0,0.0,0.0,0.0
2023-06-24,14,0.0,,,,,,,,,,,2.5376521016820694,15.553729158516084,0.0,0.0,0.0,0.0,0.0,0.0
2023-06-24,15,0.0,,,,,,,,,,,2.648591367454504,14.86984594884468,0.0,0.0,0.0,0.0,0.0,0.0
2023-06-24,16,0.0,,,,,,,,,,,2.6787562303565804,15.99217872069239,0.0,0.0,0.0,0.0,0.0,0.0
2023-06-24,17,0.0,,,,,,,,,,,2.647249906998831,15.994213959022533,0.0,0.0,0.0,0.0,0.0,0.0
2023-06-24,18,0.0,,,,,,,,,,,2.715562035777062,15.434286734217192,0.0,0.0,0.0,0.0,0.0,0.0
2023-06-24,19,0.0,,,,,,,,,,,2.714133665946332,15.675381852559562,0.0,0.0,0.0,0.0,0.0,0.0
2023-06-24,20,0.0,,,,,,,,,,,2.735597446187075,16.84045167928614,0.0,0.0,0.0,0.0,0.0,0.0
2023-06-24,21,0.0,,,,,,,,,,,2.759341970488769,16.45240182010585,0.0,0.0,0.0,0.0,0.0,0.0
2023-06-24,22,0.0,,,,,,,,,,,2.777579184961432,16.283244241404915,0.0,0.0,0.0,0.0,0.0,0.0
2023-06-24,23,0.0,,,,,,,,,,,2.7961014534712305,16.86549633272735,0.0,0.0,0.0,0.0,0.0,0.0
2023-06-25,0,0.0,,,,,,,,,,,2.779356567952252,18.563796931344612,0.0,0.0,0.0,0.0,0.0,0.0
2023-06-25,1,0.0,,,,,,,,,,,2.7344279159366134,18.951977576109226,0.0,0.0,0.0,0.0,0.0,0.0
2023-06-25,2,0.0,,,,,,,,,,,2.717556831118735,18.8065329348477,0.0,0.0,0.0,0.0,0.0,0.0
2023-06-25,3,0.0,,,,,,,,,,,3.53465359166853,19.461886228571533,0.0,0.0,0.0,0.0,0.0,0.0
2023-06-25,4,0.0,,,,,,,,,,,3.238052710790033,22.214954220472148,0.0,0.0,0.0,0.0,0.0,0.0
2023-06-25,5,0.0,,,,,,,,,,,2.846098665125345,22.72224766497636,0.0,0.0,0.0,0.0,0.0,0.0
2023-06-25,6,0.0,,,,,,,,,,,2.847420261920505,21.46561586747685,0.0,0.0,0.0,0.0,0.0,0.0
2023-06-25,7,0.0,,,,,,,,,,,2.73597565299259,22.748638354398455,0.0,0.0,0.0,0.0,0.0,0.0
2023-06-25,8,0.0,,,,,,,,,,,25.93326913290835,22.545657525274763,0.0,0.0,0.0,0.0,0.0,0.0
2023-06-25,9,0.0,,,,,,,,,,,19.901828652720138,23.725447159811523,0.0,0.0,0.0,0.0,0.0,0.0
2023-06-25,10,0.0,,,,,,,,,,,34.98810779942642,23.210545590649733,0.0,0.0,0.0,0.0,0.0,0.0
2023-06-25,11,0.0,,,,,,,,,,,42.90181095962678,27.598464170825498,0.0,0.0,0.0,0.0,0.0,0.0
2023-06-25,12,0.0,,,,,,,,,,,45.39410760170592,28.794345234342472,0.0,0.0,0.0,0.0,0.0,0.0
2023-06-25,13,0.0,,,,,,,,,,,39.63778227695611,29.45154807802976,0.0,0.0,0.0,0.0,0.0,0.0
2023-06-25,14,0.0,,,,,,,,,,,31.806082802666293,29.54960796852499,0.0,0.0,0.0,0.0,0.0,0.0
2023-06-25,15,0.0,,,,,,,,,,,42.808607617423824,29.22158012199912,0.0,0.0,0.0,0.0,0.0,0.0
2023-06-25,16,0.0,,,,,,,,,,,45.044444101616826,30.49105048272193,0.0,0.0,0.0,0.0,0.0,0.0
2023-06-25,17,0.0,,,,,,,,,,,43.30411041186762,28.72399134590629,0.0,0.0,0.0,0.0,0.0,0.0
2023-06-25,18,0.0,,,,,,,,,,,39.06104304466832,29.6462451796507,0.0,0.0,0.0,0.0,0.0,0.0
2023-06-25,19,0.0,,,,,,,,,,,43.1424186106948,30.169859311569088,0.0,0.0,0.0,0.0,0.0,0.0
2023-06-25,20,0.0,,,,,,,,,,,43.49404352173067,30.742158946953783,0.0,0.0,0.0,0.0,0.0,0.0
2023-06-25,21,0.0,,,,,,,,,,,43.425783872752376,34.40390594276048,0.0,0.0,0.0,0.0,0.0,0.0
2023-06-25,22,0.0,,,,,,,,,,,35.12199540614712,32.460929190683494,0.0,0.0,0.0,0.0,0.0,0.0
2023-06-25,23,0.0,,,,,,,,,,,43.8736051147035,32.461198572898894,0.0,0.0,0.0,0.0,0.0,0.0
2023-06-26,0,0.0,,,,,,,,,,,44.26732436233193,34.10542476584447,0.0,0.0,0.0,0.0,0.0,0.0
2023-06-26,1,0.0,,,,,,,,,,,43.64782914205986,31.688847702165077,0.0,0.0,0.0,0.0,0.0,0.0
2023-06-26,2,0.0,,,,,,,,,,,13.942824635446057,26.45712512970858,0.0,0.0,0.0,0.0,0.0,0.0
2023-06-26,3,0.0,,,,,,,,,,,18.43893821256843,24.443953710079068,0.0,0.0,0.0,0.0,0.0,0.0
2023-06-26,4,0.0,,,,,,,,,,,16.740832994372223,22.73738246072007,0.0,0.0,0.0,0.0,0.0,0.0
2023-06-26,5,0.0,,,,,,,,,,,16.6253969444371,23.1583287532643,0.0,0.0,0.0,0.0,0.0,0.0
2023-06-26,6,0.0,,,,,,,,,,,12.14021684087552,19.544668044451974,0.0,0.0,0.0,0.0,0.0,0.0
2023-06-26,7,0.0,,,,,,,,,,,17.05669416844423,18.38959625921731,0.0,0.0,0.0,0.0,0.0,0.0
2023-06-26,8,0.0,,,,,,,,,,,16.234812509853004,18.353980506120855,0.0,0.0,0.0,0.0,0.0,0.0
2023-06-26,9,0.0,,,,,,,,,,,17.369656228649404,22.06712242854782,0.0,0.0,0.0,0.0,0.0,0.0
2023-06-26,10,0.0,,,,,,,,,,,41.57425274079485,24.063799756289676,0.0,0.0,0.0,0.0,0.0,0.0
2023-06-26,11,0.0,,,,,,,,,,,57.6330196612068,27.648189230604515,0.0,0.0,0.0,0.0,0.0,0.0
2023-06-26,12,0.0,,,,,,,,,,,51.74039278863417,29.587208932583717,0.0,0.0,0.0,0.0,0.0,0.0
2023-06-26,13,0.0,,,,,,,,,,,47.746745487273685,28.21354271148709,0.0,0.0,0.0,0.0,0.0,0.0
2023-06-26,14,0.0,,,,,,,,,,,40.62029603805043,30.052945417644533,0.0,0.0,0.0,0.0,0.0,0.0
2023-06-26,15,0.0,,,,,,,,,,,49.74684900301575,29.30895460762832,0.0,0.0,0.0,0.0,0.0,0.0
2023-06-26,16,0.0,,,,,,,,,,,49.17829209545868,31.45878875747253,0.0,0.0,0.0,0.0,0.0,0.0
2023-06-26,17,0.0,,,,,,,,,,,47.99140333021103,29.047373525265044,0.0,0.0,0.0,0.0,0.0,0.0
2023-06-26,18,0.0,,,,,,,,,,,43.3692508773573,30.80458095920689,0.0,0.0,0.0,0.0,0.0,0.0
2023-06-26,19,0.0,,,,,,,,,,,50.177238889770926,28.798060227702965,0.0,0.0,0.0,0.0,0.0,0.0
2023-06-26,20,0.0,,,,,,,,,,,50.942243420376585,28.120723006674517,0.0,0.0,0.0,0.0,0.0,0.0
2023-06-26,21,0.0,,,,,,,,,,,47.25850640678429,28.798559588506464,0.0,0.0,0.0,0.0,0.0,0.0
2023-06-26,22,0.0,,,,,,,,,,,40.290499237252064,28.72211441597857,0.0,0.0,0.0,0.0,0.0,0.0
2023-06-26,23,0.0,,,,,,,,,,,50.48794255505649,28.97335579324381,0.0,0.0,0.0,0.0,0.0,0.0
2023-06-27,0,0.0,,,,,,,,,,,51.03661056326351,31.68515318682094,0.0,0.0,0.0,0.0,0.0,0.0
2023-06-27,1,0.0,,,,,,,,,,,49.80115460808744,31.484510274390427,0.0,0.0,0.0,0.0,0.0,0.0
2023-06-27,2,0.0,,,,,,,,,,,16.036794245223735,27.090678709246507,0.0,0.0,0.0,0.0,0.0,0.0
2023-06-27,3,0.0,,,,,,,,,,,12.952894186374712,23.340097290399704,0.0,0.0,0.0,0.0,0.0,0.0
2023-06-27,4,0.0,,,,,,,,,,,12.511224821099756,23.25203698634721,0.0,0.0,0.0,0.0,0.0,0.0
2023-06-27,5,0.0,,,,,,,,,,,15.89180097725094,22.62567410560225,0.0,0.0,0.0,0.0,0.0,0.0
2023-06-27,6,0.0,,,,,,,,,,,13.972329154210938,20.534085881586705,0.0,0.0,0.0,0.0,0.0,0.0
2023-06-27,7,0.0,,,,,,,,,,,15.275333273135365,19.45978648299791,0.0,0.0,0.0,0.0,0.0,0.0
2023-06-27,8,0.0,,,,,,,,,,,14.055702428312536,18.479908176360883,0.0,0.0,0.0,0.0,0.0,0.0
2023-06-27,9,0.0,,,,,,,,,,,15.595852336152715,21.529681527844534,0.0,0.0,0.0,0.0,0.0,0.0
2023-06-27,10,0.0,,,,,,,,,,,44.32410335264113,24.002193265255737,0.0,0.0,0.0,0.0,0.0,0.0
2023-06-27,11,0.0,,,,,,,,,,,46.43427313970196,28.131841001797827,0.0,0.0,0.0,0.0,0.0,0.0
2023-06-27,12,0.0,,,,,,,,,,,42.26893088034827,29.28925200911999,0.0,0.0,0.0,0.0,0.0,0.0
2023-06-27,13,0.0,,,,,,,,,,,43.18913338399805,29.495489006363297,0.0,0.0,0.0,0.0,0.0,0.0
2023-06-27,14,0.0,,,,,,,,,,,35.80689057876219,30.888603529290947,0.0,0.0,0.0,0.0,0.0,0.0
2023-06-27,15,0.0,,,,,,,,,,,44.94834185750408,31.74854943677504,0.0,0.0,0.0,0.0,0.0,0.0
2023-06-27,16,0.0,,,,,,,,,,,55.05198261405957,29.230048973264612,0.0,0.0,0.0,0.0,0.0,0.0
2023-06-27,17,0.0,,,,,,,,,,,44.35642272831599,27.110030467031493,0.0,0.0,0.0,0.0,0.0,0.0
2023-06-27,18,0.0,,,,,,,,,,,44.41069040678526,27.976665291076813,0.0,0.0,0.0,0.0,0.0,0.0
2023-06-27,19,0.0,,,,,,,,,,,46.17104238561881,29.762030343874564,0.0,0.0,0.0,0.0,0.0,0.0
2023-06-27,20,0.0,,,,,,,,,,,46.04239074591845,28.315879131728575,0.0,0.0,0.0,0.0,0.0,0.0
2023-06-27,21,0.0,,,,,,,,,,,52.644246380258,29.714259096370743,0.0,0.0,0.0,0.0,0.0,0.0
2023-06-27,22,0.0,,,,,,,,,,,36.70669520802307,29.68881311541748,0.0,0.0,0.0,0.0,0.0,0.0
2023-06-27,23,0.0,,,,,,,,,,,45.24199774365839,27.423867372782276,0.0,0.0,0.0,0.0,0.0,0.0
2023-06-28,0,0.0,,,,,,,,,,,38.30872644200288,28.243320780293217,0.0,0.0,0.0,0.0,0.0,0.0
2023-06-28,1,0.0,,,,,,,,,,,45.01365114521239,29.20746570238631,0.0,0.0,0.0,0.0,0.0,0.0
2023-06-28,2,0.0,,,,,,,,,,,13.497528320074132,25.279313698734544,0.0,0.0,0.0,0.0,0.0,0.0
2023-06-28,3,0.0,,,,,,,,,,,12.189579454491886,22.54093399931744,0.0,0.0,0.0,0.0,0.0,0.0
2023-06-28,4,0.0,,,,,,,,,,,12.539892849845728,22.216632059251815,0.0,0.0,0.0,0.0,0.0,0.0
2023-06-28,5,0.0,,,,,,,,,,,14.808586426494683,21.94125552701786,0.0,0.0,0.0,0.0,0.0,0.0
2023-06-28,6,0.0,,,,,,,,,,,12.77905302713616,19.83441105683203,0.0,0.0,0.0,0.0,0.0,0.0
2023-06-28,7,0.0,,,,,,,,,,,14.137297851026789,20.457037930466836,0.0,0.0,0.0,0.0,0.0,0.0
2023-06-28,8,0.0,,,,,,,,,,,14.26549291870906,20.128245625097335,0.0,0.0,0.0,0.0,0.0,0.0
2023-06-28,9,0.0,,,,,,,,,,,14.380341019683,21.507553382649306,0.0,0.0,0.0,0.0,0.0,0.0
2023-06-28,10,0.0,,,,,,,,,,,41.90440900596281,24.28211910809943,0.0,0.0,0.0,0.0,0.0,0.0
2023-06-28,11,0.0,,,,,,,,,,,45.81535208339355,26.925135137271504,0.0,0.0,0.0,0.0,0.0,0.0
2023-06-28,12,0.0,,,,,,,,,,,45.432878910190446,28.73893375892867,0.0,0.0,0.0,0.0,0.0,0.0
2023-06-28,13,0.0,,,,,,,,,,,42.94878641525821,28.059606420595134,0.0,0.0,0.0,0.0,0.0,0.0
2023-06-28,14,0.0,,,,,,,,,,,43.99814505118823,26.124809431835008,0.0,0.0,0.0,0.0,0.0,0.0
2023-06-28,15,0.0,,,,,,,,,,,53.63163619129457,29.26241082592641,0.0,0.0,0.0,0.0,0.0,0.0
2023-06-28,16,0.0,,,,,,,,,,,45.33109771409443,30.582350605880823,0.0,0.0,0.0,0.0,0.0,0.0
2023-06-28,17,0.0,,,,,,,,,,,46.65075741085376,29.048551071809392,0.0,0.0,0.0,0.0,0.0,0.0
2023-06-28,18,0.0,,,,,,,,,,,43.688022271497815,28.215891650961535,0.0,0.0,0.0,0.0,0.0,0.0
2023-06-28,19,0.0,,,,,,,,,,,47.62058570778489,27.9870835577599,0.0,0.0,0.0,0.0,0.0,0.0
2023-06-28,20,0.0,,,,,,,,,,,45.61156843342915,28.667111897542725,0.0,0.0,0.0,0.0,0.0,0.0
2023-06-28,21,0.0,,,,,,,,,,,46.089750613219216,29.547665750837584,0.0,0.0,0.0,0.0,0.0,0.0
2023-06-28,22,0.0,,,,,,,,,,,38.120657201228305,30.42885166205125,0.0,0.0,0.0,0.0,0.0,0.0
2023-06-28,23,0.0,,,,,,,,,,,47.53201159645352,29.397245756854897,0.0,0.0,0.0,0.0,0.0,0.0
2023-06-29,0,0.0,,,,,,,,,,,46.17343157278976,29.597991270389855,0.0,0.0,0.0,0.0,0.0,0.0
2023-06-29,1,0.0,,,,,,,,,,,44.936665948202446,30.45293740265642,0.0,0.0,0.0,0.0,0.0,0.0
2023-06-29,2,0.0,,,,,,,,,,,13.545768282387527,26.429660624819896,0.0,0.0,0.0,0.0,0.0,0.0
2023-06-29,3,0.0,,,,,,,,,,,11.848969127997387,22.520497663761716,0.0,0.0,0.0,0.0,0.0,0.0
2023-06-29,4,0.0,,,,,,,,,,,11.933337217129734,21.82354825266861,0.0,0.0,0.0,0.0,0.0,0.0
2023-06-29,5,0.0,,,,,,,,,,,14.593418250094924,20.53175535077745,0.0,0.0,0.0,0.0,0.0,0.0
2023-06-29,6,0.0,,,,,,,,,,,12.9171512849441,18.242897800406713,0.0,0.0,0.0,0.0,0.0,0.0
2023-06-29,7,0.0,,,,,,,,,,,14.350052223732336,17.399350199571963,0.0,0.0,0.0,0.0,0.0,0.0
2023-06-29,8,0.0,,,,,,,,,,,13.701273665691534,17.824974444442617,0.0,0.0,0.0,0.0,0.0,0.0
2023-06-29,9,0.0,,,,,,,,,,,16.37056176254268,21.269955250380956,0.0,0.0,0.0,0.0,0.0,0.0
2023-06-29,10,0.0,,,,,,,,,,,55.6174507463062,21.150521904792555,0.0,0.0,0.0,0.0,0.0,0.0
2023-06-29,11,0.0,,,,,,,,,,,47.13887542246195,22.204981668437988,0.0,0.0,0.0,0.0,0.0,0.0
2023-06-29,12,0.0,,,,,,,,,,,48.33763158038566,26.731977324977436,0.0,0.0,0.0,0.0,0.0,0.0
2023-06-29,13,0.0,,,,,,,,,,,33.57663649942385,27.45927748639847,0.0,0.0,0.0,0.0,0.0,0.0
2023-06-29,14,0.0,,,,,,,,,,,37.806478690563765,28.148774308891564,0.0,0.0,0.0,0.0,0.0,0.0
2023-06-29,15,0.0,,,,,,,,,,,54.320923301996416,27.598960388606592,0.0,0.0,0.0,0.0,0.0,0.0
2023-06-29,16,0.0,,,,,,,,,,,47.5123446837792,27.357107094014733,0.0,0.0,0.0,0.0,0.0,0.0
2023-06-29,17,0.0,,,,,,,,,,,40.4175833159939,27.135132710289597,0.0,0.0,0.0,0.0,0.0,0.0
2023-06-29,18,0.0,,,,,,,,,,,42.61004716608419,28.07621901471815,0.0,0.0,0.0,0.0,0.0,0.0
2023-06-29,19,0.0,,,,,,,,,,,45.470784083862455,28.32539053198032,0.0,0.0,0.0,0.0,0.0,0.0
2023-06-29,20,0.0,,,,,,,,,,,44.94247196724842,29.56851444749051,0.0,0.0,0.0,0.0,0.0,0.0
2023-06-29,21,0.0,,,,,,,,,,,49.47566055983359,29.345089398683395,0.0,0.0,0.0,0.0,0.0,0.0
2023-06-29,22,0.0,,,,,,,,,,,36.45018385061517,29.221387753122887,0.0,0.0,0.0,0.0,0.0,0.0
2023-06-29,23,0.0,,,,,,,,,,,45.340081785509376,29.04707958861777,0.0,0.0,0.0,0.0,0.0,0.0
2023-06-30,0,0.0,,,,,,,,,,,45.39024851857179,29.693221473218596,0.0,0.0,0.0,0.0,0.0,0.0
2023-06-30,1,0.0,,,,,,,,,,,44.25532644494259,32.57815443171358,0.0,0.0,0.0,0.0,0.0,0.0
2023-06-30,2,0.0,,,,,,,,,,,15.459339477808973,25.913353734077567,0.0,0.0,0.0,0.0,0.0,0.0
2023-06-30,3,0.0,,,,,,,,,,,13.446875780771265,22.298480551461527,0.0,0.0,0.0,0.0,0.0,0.0
2023-06-30,4,0.0,,,,,,,,,,,13.18759614758307,19.311462268592187,0.0,0.0,0.0,0.0,0.0,0.0
2023-06-30,5,0.0,,,,,,,,,,,15.635680354136898,17.58858890853663,0.0,0.0,0.0,0.0,0.0,0.0
2023-06-30,6,0.0,,,,,,,,,,,13.652095622991494,18.522983210367983,0.0,0.0,0.0,0.0,0.0,0.0
2023-06-30,7,0.0,,,,,,,,,,,16.236808032648103,19.199607615713845,0.0,0.0,0.0,0.0,0.0,0.0
2023-06-30,8,0.0,,,,,,,,,,,14.103089139581716,17.49449157606309,0.0,0.0,0.0,0.0,0.0,0.0
2023-06-30,9,0.0,,,,,,,,,,,13.160697869239566,18.37514953529898,0.0,0.0,0.0,0.0,0.0,0.0
2023-06-30,10,0.0,,,,,,,,,,,30.9811849019345,20.883995016134214,0.0,0.0,0.0,0.0,0.0,0.0
2023-06-30,11,0.0,,,,,,,,,,,33.0811272802162,21.28178966961605,0.0,0.0,0.0,0.0,0.0,0.0
2023-06-30,12,0.0,,,,,,,,,,,32.396209651392816,21.878547810432696,0.0,0.0,0.0,0.0,0.0,0.0
2023-06-30,13,0.0,,,,,,,,,,,29.97626408325552,24.19315161363588,0.0,0.0,0.0,0.0,0.0,0.0
2023-06-30,14,0.0,,,,,,,,,,,30.39539708864299,22.24211867772268,0.0,0.0,0.0,0.0,0.0,0.0
2023-06-30,15,0.0,,,,,,,,,,,32.32640320719012,21.57909130123345,0.0,0.0,0.0,0.0,0.0,0.0
2023-06-30,16,0.0,,,,,,,,,,,32.41586696174252,23.65096085269432,0.0,0.0,0.0,0.0,0.0,0.0
2023-06-30,17,0.0,,,,,,,,,,,30.610765862272352,24.168763469549056,0.0,0.0,0.0,0.0,0.0,0.0
2023-06-30,18,0.0,,,,,,,,,,,11.702760792017305,17.81656951830884,0.0,0.0,0.0,0.0,0.0,0.0
2023-06-30,19,0.0,,,,,,,,,,,4.890944339764265,13.928482181167391,0.0,0.0,0.0,0.0,0.0,0.0
2023-06-30,20,0.0,,,,,,,,,,,2.7056804098501104,14.100673358050493,0.0,0.0,0.0,0.0,0.0,0.0
2023-06-30,21,0.0,,,,,,,,,,,2.7552327622166475,13.387375077719394,0.0,0.0,0.0,0.0,0.0,0.0
2023-06-30,22,0.0,,,,,,,,,,,2.95746852071304,13.387561760553194,0.0,0.0,0.0,0.0,0.0,0.0
2023-06-30,23,0.0,,,,,,,,,,,11.582234519855213,13.313596632360042,0.0,0.0,0.0,0.0,0.0,0.0
